"","service_point_sn","date_consumption","adjusted_consumption","is_leak"
"1","3004520911",2018-01-01 00:00:00,20,"TRUE"
"2","3004520911",2018-01-01 01:00:00,20,"TRUE"
"3","3004520911",2018-01-01 02:00:00,19,"TRUE"
"4","3004520911",2018-01-01 03:00:00,19,"TRUE"
"5","3004520911",2018-01-01 04:00:00,45,"TRUE"
"6","3004520911",2018-01-01 05:00:00,63,"TRUE"
"7","3004520911",2018-01-01 06:00:00,20,"TRUE"
"8","3004520911",2018-01-01 07:00:00,23,"TRUE"
"9","3004520911",2018-01-01 08:00:00,21,"TRUE"
"10","3004520911",2018-01-01 09:00:00,19,"TRUE"
"11","3004520911",2018-01-01 10:00:00,20,"TRUE"
"12","3004520911",2018-01-01 11:00:00,20,"TRUE"
"13","3004520911",2018-01-01 12:00:00,20,"TRUE"
"14","3004520911",2018-01-01 13:00:00,20,"TRUE"
"15","3004520911",2018-01-01 14:00:00,20,"TRUE"
"16","3004520911",2018-01-01 15:00:00,22,"TRUE"
"17","3004520911",2018-01-01 16:00:00,22,"TRUE"
"18","3004520911",2018-01-01 17:00:00,20,"TRUE"
"19","3004520911",2018-01-01 18:00:00,17,"TRUE"
"20","3004520911",2018-01-01 19:00:00,25,"TRUE"
"21","3004520911",2018-01-01 20:00:00,50,"TRUE"
"22","3004520911",2018-01-01 21:00:00,87,"TRUE"
"23","3004520911",2018-01-01 22:00:00,81,"TRUE"
"24","3004520911",2018-01-01 23:00:00,34,"TRUE"
"25","3004520911",2018-01-02 00:00:00,51,"TRUE"
"26","3004520911",2018-01-02 01:00:00,29,"TRUE"
"27","3004520911",2018-01-02 02:00:00,20,"TRUE"
"28","3004520911",2018-01-02 03:00:00,17,"TRUE"
"29","3004520911",2018-01-02 04:00:00,17,"TRUE"
"30","3004520911",2018-01-02 05:00:00,18,"TRUE"
"31","3004520911",2018-01-02 06:00:00,37,"TRUE"
"32","3004520911",2018-01-02 07:00:00,47,"TRUE"
"33","3004520911",2018-01-02 08:00:00,33,"TRUE"
"34","3004520911",2018-01-02 09:00:00,45,"TRUE"
"35","3004520911",2018-01-02 10:00:00,20,"TRUE"
"36","3004520911",2018-01-02 11:00:00,19,"TRUE"
"37","3004520911",2018-01-02 12:00:00,20,"TRUE"
"38","3004520911",2018-01-02 13:00:00,19,"TRUE"
"39","3004520911",2018-01-02 14:00:00,19,"TRUE"
"40","3004520911",2018-01-02 15:00:00,19,"TRUE"
"41","3004520911",2018-01-02 16:00:00,19,"TRUE"
"42","3004520911",2018-01-02 17:00:00,20,"TRUE"
"43","3004520911",2018-01-02 18:00:00,19,"TRUE"
"44","3004520911",2018-01-02 19:00:00,19,"TRUE"
"45","3004520911",2018-01-02 20:00:00,23,"TRUE"
"46","3004520911",2018-01-02 21:00:00,38,"TRUE"
"47","3004520911",2018-01-02 22:00:00,68,"TRUE"
"48","3004520911",2018-01-02 23:00:00,99,"TRUE"
"49","3004520911",2018-01-03 00:00:00,74,"TRUE"
"50","3004520911",2018-01-03 01:00:00,25,"TRUE"
"51","3004520911",2018-01-03 02:00:00,36,"TRUE"
"52","3004520911",2018-01-03 03:00:00,49,"TRUE"
"53","3004520911",2018-01-03 04:00:00,18,"TRUE"
"54","3004520911",2018-01-03 05:00:00,18,"TRUE"
"55","3004520911",2018-01-03 06:00:00,41,"TRUE"
"56","3004520911",2018-01-03 07:00:00,56,"TRUE"
"57","3004520911",2018-01-03 08:00:00,30,"TRUE"
"58","3004520911",2018-01-03 09:00:00,39,"TRUE"
"59","3004520911",2018-01-03 10:00:00,21,"TRUE"
"60","3004520911",2018-01-03 11:00:00,21,"TRUE"
"61","3004520911",2018-01-03 12:00:00,20,"TRUE"
"62","3004520911",2018-01-03 13:00:00,20,"TRUE"
"63","3004520911",2018-01-03 14:00:00,20,"TRUE"
"64","3004520911",2018-01-03 15:00:00,20,"TRUE"
"65","3004520911",2018-01-03 16:00:00,20,"TRUE"
"66","3004520911",2018-01-03 17:00:00,20,"TRUE"
"67","3004520911",2018-01-03 18:00:00,20,"TRUE"
"68","3004520911",2018-01-03 19:00:00,20,"TRUE"
"69","3004520911",2018-01-03 20:00:00,23,"TRUE"
"70","3004520911",2018-01-03 21:00:00,30,"TRUE"
"71","3004520911",2018-01-03 22:00:00,88,"TRUE"
"72","3004520911",2018-01-03 23:00:00,143,"TRUE"
"73","3004520911",2018-01-04 00:00:00,56,"TRUE"
"74","3004520911",2018-01-04 01:00:00,23,"TRUE"
"75","3004520911",2018-01-04 02:00:00,21,"TRUE"
"76","3004520911",2018-01-04 03:00:00,23,"TRUE"
"77","3004520911",2018-01-04 04:00:00,22,"TRUE"
"78","3004520911",2018-01-04 05:00:00,22,"TRUE"
"79","3004520911",2018-01-04 06:00:00,47,"TRUE"
"80","3004520911",2018-01-04 07:00:00,63,"TRUE"
"81","3004520911",2018-01-04 08:00:00,29,"TRUE"
"82","3004520911",2018-01-04 09:00:00,45,"TRUE"
"83","3004520911",2018-01-04 10:00:00,40,"TRUE"
"84","3004520911",2018-01-04 11:00:00,20,"TRUE"
"85","3004520911",2018-01-04 12:00:00,22,"TRUE"
"86","3004520911",2018-01-04 13:00:00,19,"TRUE"
"87","3004520911",2018-01-04 14:00:00,21,"TRUE"
"88","3004520911",2018-01-04 15:00:00,21,"TRUE"
"89","3004520911",2018-01-04 16:00:00,20,"TRUE"
"90","3004520911",2018-01-04 17:00:00,20,"TRUE"
"91","3004520911",2018-01-04 18:00:00,23,"TRUE"
"92","3004520911",2018-01-04 19:00:00,29,"TRUE"
"93","3004520911",2018-01-04 20:00:00,25,"TRUE"
"94","3004520911",2018-01-04 21:00:00,19,"TRUE"
"95","3004520911",2018-01-04 22:00:00,59,"TRUE"
"96","3004520911",2018-01-04 23:00:00,95,"TRUE"
"97","3004520911",2018-01-05 00:00:00,38,"TRUE"
"98","3004520911",2018-01-05 01:00:00,27,"TRUE"
"99","3004520911",2018-01-05 02:00:00,22,"TRUE"
"100","3004520911",2018-01-05 03:00:00,23,"TRUE"
"101","3004520911",2018-01-05 04:00:00,20,"TRUE"
"102","3004520911",2018-01-05 05:00:00,21,"TRUE"
"103","3004520911",2018-01-05 06:00:00,41,"TRUE"
"104","3004520911",2018-01-05 07:00:00,60,"TRUE"
"105","3004520911",2018-01-05 08:00:00,41,"TRUE"
"106","3004520911",2018-01-05 09:00:00,51,"TRUE"
"107","3004520911",2018-01-05 10:00:00,33,"TRUE"
"108","3004520911",2018-01-05 11:00:00,21,"TRUE"
"109","3004520911",2018-01-05 12:00:00,19,"TRUE"
"110","3004520911",2018-01-05 13:00:00,21,"TRUE"
"111","3004520911",2018-01-05 14:00:00,22,"TRUE"
"112","3004520911",2018-01-05 15:00:00,23,"TRUE"
"113","3004520911",2018-01-05 16:00:00,23,"TRUE"
"114","3004520911",2018-01-05 17:00:00,22,"TRUE"
"115","3004520911",2018-01-05 18:00:00,23,"TRUE"
"116","3004520911",2018-01-05 19:00:00,35,"TRUE"
"117","3004520911",2018-01-05 20:00:00,42,"TRUE"
"118","3004520911",2018-01-05 21:00:00,31,"TRUE"
"119","3004520911",2018-01-05 22:00:00,72,"TRUE"
"120","3004520911",2018-01-05 23:00:00,73,"TRUE"
"121","3004520911",2018-01-06 00:00:00,19,"TRUE"
"122","3004520911",2018-01-06 01:00:00,22,"TRUE"
"123","3004520911",2018-01-06 02:00:00,28,"TRUE"
"124","3004520911",2018-01-06 03:00:00,23,"TRUE"
"125","3004520911",2018-01-06 04:00:00,20,"TRUE"
"126","3004520911",2018-01-06 05:00:00,26,"TRUE"
"127","3004520911",2018-01-06 06:00:00,48,"TRUE"
"128","3004520911",2018-01-06 07:00:00,56,"TRUE"
"129","3004520911",2018-01-06 08:00:00,22,"TRUE"
"130","3004520911",2018-01-06 09:00:00,36,"TRUE"
"131","3004520911",2018-01-06 10:00:00,44,"TRUE"
"132","3004520911",2018-01-06 11:00:00,22,"TRUE"
"133","3004520911",2018-01-06 12:00:00,23,"TRUE"
"134","3004520911",2018-01-06 13:00:00,28,"TRUE"
"135","3004520911",2018-01-06 14:00:00,36,"TRUE"
"136","3004520911",2018-01-06 15:00:00,24,"TRUE"
"137","3004520911",2018-01-06 16:00:00,37,"TRUE"
"138","3004520911",2018-01-06 17:00:00,46,"TRUE"
"139","3004520911",2018-01-06 18:00:00,19,"TRUE"
"140","3004520911",2018-01-06 19:00:00,19,"TRUE"
"141","3004520911",2018-01-06 20:00:00,18,"TRUE"
"142","3004520911",2018-01-06 21:00:00,19,"TRUE"
"143","3004520911",2018-01-06 22:00:00,20,"TRUE"
"144","3004520911",2018-01-06 23:00:00,39,"TRUE"
"145","3004520911",2018-01-07 00:00:00,75,"TRUE"
"146","3004520911",2018-01-07 01:00:00,65,"TRUE"
"147","3004520911",2018-01-07 02:00:00,31,"TRUE"
"148","3004520911",2018-01-07 03:00:00,26,"TRUE"
"149","3004520911",2018-01-07 04:00:00,22,"TRUE"
"150","3004520911",2018-01-07 05:00:00,23,"TRUE"
"151","3004520911",2018-01-07 06:00:00,23,"TRUE"
"152","3004520911",2018-01-07 07:00:00,40,"TRUE"
"153","3004520911",2018-01-07 08:00:00,48,"TRUE"
"154","3004520911",2018-01-07 09:00:00,23,"TRUE"
"155","3004520911",2018-01-07 10:00:00,23,"TRUE"
"156","3004520911",2018-01-07 11:00:00,23,"TRUE"
"157","3004520911",2018-01-07 12:00:00,26,"TRUE"
"158","3004520911",2018-01-07 13:00:00,25,"TRUE"
"159","3004520911",2018-01-07 14:00:00,27,"TRUE"
"160","3004520911",2018-01-07 15:00:00,31,"TRUE"
"161","3004520911",2018-01-07 16:00:00,32,"TRUE"
"162","3004520911",2018-01-07 17:00:00,31,"TRUE"
"163","3004520911",2018-01-07 18:00:00,31,"TRUE"
"164","3004520911",2018-01-07 19:00:00,84,"TRUE"
"165","3004520911",2018-01-07 20:00:00,151,"TRUE"
"166","3004520911",2018-01-07 21:00:00,97,"TRUE"
"167","3004520911",2018-01-07 22:00:00,56,"TRUE"
"168","3004520911",2018-01-07 23:00:00,32,"TRUE"
"169","3004520911",2018-01-08 00:00:00,37,"TRUE"
"170","3004520911",2018-01-08 01:00:00,30,"TRUE"
"171","3004520911",2018-01-08 02:00:00,25,"TRUE"
"172","3004520911",2018-01-08 03:00:00,26,"TRUE"
"173","3004520911",2018-01-08 04:00:00,21,"TRUE"
"174","3004520911",2018-01-08 05:00:00,29,"TRUE"
"175","3004520911",2018-01-08 06:00:00,44,"TRUE"
"176","3004520911",2018-01-08 07:00:00,40,"TRUE"
"177","3004520911",2018-01-08 08:00:00,43,"TRUE"
"178","3004520911",2018-01-08 09:00:00,50,"TRUE"
"179","3004520911",2018-01-08 10:00:00,23,"TRUE"
"180","3004520911",2018-01-08 11:00:00,22,"TRUE"
"181","3004520911",2018-01-08 12:00:00,23,"TRUE"
"182","3004520911",2018-01-08 13:00:00,23,"TRUE"
"183","3004520911",2018-01-08 14:00:00,22,"TRUE"
"184","3004520911",2018-01-08 15:00:00,22,"TRUE"
"185","3004520911",2018-01-08 16:00:00,23,"TRUE"
"186","3004520911",2018-01-08 17:00:00,23,"TRUE"
"187","3004520911",2018-01-08 18:00:00,22,"TRUE"
"188","3004520911",2018-01-08 19:00:00,22,"TRUE"
"189","3004520911",2018-01-08 20:00:00,22,"TRUE"
"190","3004520911",2018-01-08 21:00:00,26,"TRUE"
"191","3004520911",2018-01-08 22:00:00,57,"TRUE"
"192","3004520911",2018-01-08 23:00:00,79,"TRUE"
"193","3004520911",2018-01-09 00:00:00,53,"TRUE"
"194","3004520911",2018-01-09 01:00:00,48,"TRUE"
"195","3004520911",2018-01-09 02:00:00,22,"TRUE"
"196","3004520911",2018-01-09 03:00:00,22,"TRUE"
"197","3004520911",2018-01-09 04:00:00,24,"TRUE"
"198","3004520911",2018-01-09 05:00:00,32,"TRUE"
"199","3004520911",2018-01-09 06:00:00,45,"TRUE"
"200","3004520911",2018-01-09 07:00:00,53,"TRUE"
"201","3004520911",2018-01-09 08:00:00,40,"TRUE"
"202","3004520911",2018-01-09 09:00:00,55,"TRUE"
"203","3004520911",2018-01-09 10:00:00,22,"TRUE"
"204","3004520911",2018-01-09 11:00:00,21,"TRUE"
"205","3004520911",2018-01-09 12:00:00,20,"TRUE"
"206","3004520911",2018-01-09 13:00:00,21,"TRUE"
"207","3004520911",2018-01-09 14:00:00,21,"TRUE"
"208","3004520911",2018-01-09 15:00:00,20,"TRUE"
"209","3004520911",2018-01-09 16:00:00,21,"TRUE"
"210","3004520911",2018-01-09 17:00:00,21,"TRUE"
"211","3004520911",2018-01-09 18:00:00,21,"TRUE"
"212","3004520911",2018-01-09 19:00:00,36,"TRUE"
"213","3004520911",2018-01-09 20:00:00,45,"TRUE"
"214","3004520911",2018-01-09 21:00:00,53,"TRUE"
"215","3004520911",2018-01-09 22:00:00,75,"TRUE"
"216","3004520911",2018-01-09 23:00:00,23,"TRUE"
"217","3004520911",2018-01-10 00:00:00,26,"TRUE"
"218","3004520911",2018-01-10 01:00:00,32,"TRUE"
"219","3004520911",2018-01-10 02:00:00,40,"TRUE"
"220","3004520911",2018-01-10 03:00:00,21,"TRUE"
"221","3004520911",2018-01-10 04:00:00,33,"TRUE"
"222","3004520911",2018-01-10 05:00:00,47,"TRUE"
"223","3004520911",2018-01-10 06:00:00,43,"TRUE"
"224","3004520911",2018-01-10 07:00:00,45,"TRUE"
"225","3004520911",2018-01-10 08:00:00,40,"TRUE"
"226","3004520911",2018-01-10 09:00:00,51,"TRUE"
"227","3004520911",2018-01-10 10:00:00,22,"TRUE"
"228","3004520911",2018-01-10 11:00:00,21,"TRUE"
"229","3004520911",2018-01-10 12:00:00,21,"TRUE"
"230","3004520911",2018-01-10 13:00:00,21,"TRUE"
"231","3004520911",2018-01-10 14:00:00,21,"TRUE"
"232","3004520911",2018-01-10 15:00:00,21,"TRUE"
"233","3004520911",2018-01-10 16:00:00,20,"TRUE"
"234","3004520911",2018-01-10 17:00:00,21,"TRUE"
"235","3004520911",2018-01-10 18:00:00,21,"TRUE"
"236","3004520911",2018-01-10 19:00:00,20,"TRUE"
"237","3004520911",2018-01-10 20:00:00,21,"TRUE"
"238","3004520911",2018-01-10 21:00:00,21,"TRUE"
"239","3004520911",2018-01-10 22:00:00,50,"TRUE"
"240","3004520911",2018-01-10 23:00:00,76,"TRUE"
"241","3004520911",2018-01-11 00:00:00,29,"TRUE"
"242","3004520911",2018-01-11 01:00:00,21,"TRUE"
"243","3004520911",2018-01-11 02:00:00,21,"TRUE"
"244","3004520911",2018-01-11 03:00:00,21,"TRUE"
"245","3004520911",2018-01-11 04:00:00,28,"TRUE"
"246","3004520911",2018-01-11 05:00:00,49,"TRUE"
"247","3004520911",2018-01-11 06:00:00,64,"TRUE"
"248","3004520911",2018-01-11 07:00:00,46,"TRUE"
"249","3004520911",2018-01-11 08:00:00,20,"TRUE"
"250","3004520911",2018-01-11 09:00:00,21,"TRUE"
"251","3004520911",2018-01-11 10:00:00,20,"TRUE"
"252","3004520911",2018-01-11 11:00:00,40,"TRUE"
"253","3004520911",2018-01-11 12:00:00,56,"TRUE"
"254","3004520911",2018-01-11 13:00:00,24,"TRUE"
"255","3004520911",2018-01-11 14:00:00,21,"TRUE"
"256","3004520911",2018-01-11 15:00:00,21,"TRUE"
"257","3004520911",2018-01-11 16:00:00,21,"TRUE"
"258","3004520911",2018-01-11 17:00:00,21,"TRUE"
"259","3004520911",2018-01-11 18:00:00,20,"TRUE"
"260","3004520911",2018-01-11 19:00:00,21,"TRUE"
"261","3004520911",2018-01-11 20:00:00,21,"TRUE"
"262","3004520911",2018-01-11 21:00:00,33,"TRUE"
"263","3004520911",2018-01-11 22:00:00,88,"TRUE"
"264","3004520911",2018-01-11 23:00:00,91,"TRUE"
"265","3004520911",2018-01-12 00:00:00,0,"TRUE"
"266","3004520911",2018-01-12 01:00:00,0,"TRUE"
"267","3004520911",2018-01-12 02:00:00,0,"TRUE"
"268","3004520911",2018-01-12 03:00:00,0,"TRUE"
"269","3004520911",2018-01-12 04:00:00,8,"TRUE"
"270","3004520911",2018-01-12 05:00:00,26,"TRUE"
"271","3004520911",2018-01-12 06:00:00,42,"TRUE"
"272","3004520911",2018-01-12 07:00:00,63,"TRUE"
"273","3004520911",2018-01-12 08:00:00,51,"TRUE"
"274","3004520911",2018-01-12 09:00:00,20,"TRUE"
"275","3004520911",2018-01-12 10:00:00,20,"TRUE"
"276","3004520911",2018-01-12 11:00:00,19,"TRUE"
"277","3004520911",2018-01-12 12:00:00,19,"TRUE"
"278","3004520911",2018-01-12 13:00:00,20,"TRUE"
"279","3004520911",2018-01-12 14:00:00,19,"TRUE"
"280","3004520911",2018-01-12 15:00:00,19,"TRUE"
"281","3004520911",2018-01-12 16:00:00,19,"TRUE"
"282","3004520911",2018-01-12 17:00:00,19,"TRUE"
"283","3004520911",2018-01-12 18:00:00,19,"TRUE"
"284","3004520911",2018-01-12 19:00:00,18,"TRUE"
"285","3004520911",2018-01-12 20:00:00,19,"TRUE"
"286","3004520911",2018-01-12 21:00:00,22,"TRUE"
"287","3004520911",2018-01-12 22:00:00,44,"TRUE"
"288","3004520911",2018-01-12 23:00:00,53,"TRUE"
"289","3004520911",2018-01-13 00:00:00,19,"TRUE"
"290","3004520911",2018-01-13 01:00:00,21,"TRUE"
"291","3004520911",2018-01-13 02:00:00,24,"TRUE"
"292","3004520911",2018-01-13 03:00:00,18,"TRUE"
"293","3004520911",2018-01-13 04:00:00,19,"TRUE"
"294","3004520911",2018-01-13 05:00:00,23,"TRUE"
"295","3004520911",2018-01-13 06:00:00,53,"TRUE"
"296","3004520911",2018-01-13 07:00:00,66,"TRUE"
"297","3004520911",2018-01-13 08:00:00,19,"TRUE"
"298","3004520911",2018-01-13 09:00:00,19,"TRUE"
"299","3004520911",2018-01-13 10:00:00,21,"TRUE"
"300","3004520911",2018-01-13 11:00:00,24,"TRUE"
"301","3004520911",2018-01-13 12:00:00,45,"TRUE"
"302","3004520911",2018-01-13 13:00:00,66,"TRUE"
"303","3004520911",2018-01-13 14:00:00,29,"TRUE"
"304","3004520911",2018-01-13 15:00:00,33,"TRUE"
"305","3004520911",2018-01-13 16:00:00,23,"TRUE"
"306","3004520911",2018-01-13 17:00:00,21,"TRUE"
"307","3004520911",2018-01-13 18:00:00,24,"TRUE"
"308","3004520911",2018-01-13 19:00:00,24,"TRUE"
"309","3004520911",2018-01-13 20:00:00,23,"TRUE"
"310","3004520911",2018-01-13 21:00:00,22,"TRUE"
"311","3004520911",2018-01-13 22:00:00,22,"TRUE"
"312","3004520911",2018-01-13 23:00:00,24,"TRUE"
"313","3004520911",2018-01-14 00:00:00,63,"TRUE"
"314","3004520911",2018-01-14 01:00:00,83,"TRUE"
"315","3004520911",2018-01-14 02:00:00,30,"TRUE"
"316","3004520911",2018-01-14 03:00:00,35,"TRUE"
"317","3004520911",2018-01-14 04:00:00,24,"TRUE"
"318","3004520911",2018-01-14 05:00:00,24,"TRUE"
"319","3004520911",2018-01-14 06:00:00,21,"TRUE"
"320","3004520911",2018-01-14 07:00:00,21,"TRUE"
"321","3004520911",2018-01-14 08:00:00,20,"TRUE"
"322","3004520911",2018-01-14 09:00:00,21,"TRUE"
"323","3004520911",2018-01-14 10:00:00,20,"TRUE"
"324","3004520911",2018-01-14 11:00:00,26,"TRUE"
"325","3004520911",2018-01-14 12:00:00,42,"TRUE"
"326","3004520911",2018-01-14 13:00:00,55,"TRUE"
"327","3004520911",2018-01-14 14:00:00,47,"TRUE"
"328","3004520911",2018-01-14 15:00:00,47,"TRUE"
"329","3004520911",2018-01-14 16:00:00,73,"TRUE"
"330","3004520911",2018-01-14 17:00:00,83,"TRUE"
"331","3004520911",2018-01-14 18:00:00,101,"TRUE"
"332","3004520911",2018-01-14 19:00:00,60,"TRUE"
"333","3004520911",2018-01-14 20:00:00,50,"TRUE"
"334","3004520911",2018-01-14 21:00:00,28,"TRUE"
"335","3004520911",2018-01-14 22:00:00,37,"TRUE"
"336","3004520911",2018-01-14 23:00:00,50,"TRUE"
"337","3004520911",2018-01-15 00:00:00,49,"TRUE"
"338","3004520911",2018-01-15 01:00:00,50,"TRUE"
"339","3004520911",2018-01-15 02:00:00,49,"TRUE"
"340","3004520911",2018-01-15 03:00:00,41,"TRUE"
"341","3004520911",2018-01-15 04:00:00,24,"TRUE"
"342","3004520911",2018-01-15 05:00:00,32,"TRUE"
"343","3004520911",2018-01-15 06:00:00,51,"TRUE"
"344","3004520911",2018-01-15 07:00:00,51,"TRUE"
"345","3004520911",2018-01-15 08:00:00,37,"TRUE"
"346","3004520911",2018-01-15 09:00:00,45,"TRUE"
"347","3004520911",2018-01-15 10:00:00,25,"TRUE"
"348","3004520911",2018-01-15 11:00:00,26,"TRUE"
"349","3004520911",2018-01-15 12:00:00,25,"TRUE"
"350","3004520911",2018-01-15 13:00:00,25,"TRUE"
"351","3004520911",2018-01-15 14:00:00,25,"TRUE"
"352","3004520911",2018-01-15 15:00:00,24,"TRUE"
"353","3004520911",2018-01-15 16:00:00,25,"TRUE"
"354","3004520911",2018-01-15 17:00:00,24,"TRUE"
"355","3004520911",2018-01-15 18:00:00,25,"TRUE"
"356","3004520911",2018-01-15 19:00:00,25,"TRUE"
"357","3004520911",2018-01-15 20:00:00,24,"TRUE"
"358","3004520911",2018-01-15 21:00:00,55,"TRUE"
"359","3004520911",2018-01-15 22:00:00,88,"TRUE"
"360","3004520911",2018-01-15 23:00:00,48,"TRUE"
"361","3004520911",2018-01-16 00:00:00,49,"TRUE"
"362","3004520911",2018-01-16 01:00:00,74,"TRUE"
"363","3004520911",2018-01-16 02:00:00,52,"TRUE"
"364","3004520911",2018-01-16 03:00:00,26,"TRUE"
"365","3004520911",2018-01-16 04:00:00,26,"TRUE"
"366","3004520911",2018-01-16 05:00:00,33,"TRUE"
"367","3004520911",2018-01-16 06:00:00,53,"TRUE"
"368","3004520911",2018-01-16 07:00:00,50,"TRUE"
"369","3004520911",2018-01-16 08:00:00,40,"TRUE"
"370","3004520911",2018-01-16 09:00:00,52,"TRUE"
"371","3004520911",2018-01-16 10:00:00,28,"TRUE"
"372","3004520911",2018-01-16 11:00:00,26,"TRUE"
"373","3004520911",2018-01-16 12:00:00,27,"TRUE"
"374","3004520911",2018-01-16 13:00:00,26,"TRUE"
"375","3004520911",2018-01-16 14:00:00,25,"TRUE"
"376","3004520911",2018-01-16 15:00:00,26,"TRUE"
"377","3004520911",2018-01-16 16:00:00,26,"TRUE"
"378","3004520911",2018-01-16 17:00:00,26,"TRUE"
"379","3004520911",2018-01-16 18:00:00,26,"TRUE"
"380","3004520911",2018-01-16 19:00:00,42,"TRUE"
"381","3004520911",2018-01-16 20:00:00,51,"TRUE"
"382","3004520911",2018-01-16 21:00:00,55,"TRUE"
"383","3004520911",2018-01-16 22:00:00,80,"TRUE"
"384","3004520911",2018-01-16 23:00:00,39,"TRUE"
"385","3004520911",2018-01-17 00:00:00,36,"TRUE"
"386","3004520911",2018-01-17 01:00:00,34,"TRUE"
"387","3004520911",2018-01-17 02:00:00,25,"TRUE"
"388","3004520911",2018-01-17 03:00:00,38,"TRUE"
"389","3004520911",2018-01-17 04:00:00,46,"TRUE"
"390","3004520911",2018-01-17 05:00:00,32,"TRUE"
"391","3004520911",2018-01-17 06:00:00,52,"TRUE"
"392","3004520911",2018-01-17 07:00:00,54,"TRUE"
"393","3004520911",2018-01-17 08:00:00,47,"TRUE"
"394","3004520911",2018-01-17 09:00:00,60,"TRUE"
"395","3004520911",2018-01-17 10:00:00,29,"TRUE"
"396","3004520911",2018-01-17 11:00:00,26,"TRUE"
"397","3004520911",2018-01-17 12:00:00,26,"TRUE"
"398","3004520911",2018-01-17 13:00:00,26,"TRUE"
"399","3004520911",2018-01-17 14:00:00,28,"TRUE"
"400","3004520911",2018-01-17 15:00:00,30,"TRUE"
"401","3004520911",2018-01-17 16:00:00,40,"TRUE"
"402","3004520911",2018-01-17 17:00:00,48,"TRUE"
"403","3004520911",2018-01-17 18:00:00,25,"TRUE"
"404","3004520911",2018-01-17 19:00:00,25,"TRUE"
"405","3004520911",2018-01-17 20:00:00,26,"TRUE"
"406","3004520911",2018-01-17 21:00:00,25,"TRUE"
"407","3004520911",2018-01-17 22:00:00,53,"TRUE"
"408","3004520911",2018-01-17 23:00:00,72,"TRUE"
"409","3004520911",2018-01-18 00:00:00,27,"TRUE"
"410","3004520911",2018-01-18 01:00:00,35,"TRUE"
"411","3004520911",2018-01-18 02:00:00,40,"TRUE"
"412","3004520911",2018-01-18 03:00:00,23,"TRUE"
"413","3004520911",2018-01-18 04:00:00,23,"TRUE"
"414","3004520911",2018-01-18 05:00:00,41,"TRUE"
"415","3004520911",2018-01-18 06:00:00,70,"TRUE"
"416","3004520911",2018-01-18 07:00:00,48,"TRUE"
"417","3004520911",2018-01-18 08:00:00,39,"TRUE"
"418","3004520911",2018-01-18 09:00:00,52,"TRUE"
"419","3004520911",2018-01-18 10:00:00,24,"TRUE"
"420","3004520911",2018-01-18 11:00:00,21,"TRUE"
"421","3004520911",2018-01-18 12:00:00,21,"TRUE"
"422","3004520911",2018-01-18 13:00:00,21,"TRUE"
"423","3004520911",2018-01-18 14:00:00,21,"TRUE"
"424","3004520911",2018-01-18 15:00:00,21,"TRUE"
"425","3004520911",2018-01-18 16:00:00,21,"TRUE"
"426","3004520911",2018-01-18 17:00:00,21,"TRUE"
"427","3004520911",2018-01-18 18:00:00,20,"TRUE"
"428","3004520911",2018-01-18 19:00:00,21,"TRUE"
"429","3004520911",2018-01-18 20:00:00,21,"TRUE"
"430","3004520911",2018-01-18 21:00:00,49,"TRUE"
"431","3004520911",2018-01-18 22:00:00,100,"TRUE"
"432","3004520911",2018-01-18 23:00:00,98,"TRUE"
"433","3004520911",2018-01-19 00:00:00,69,"TRUE"
"434","3004520911",2018-01-19 01:00:00,24,"TRUE"
"435","3004520911",2018-01-19 02:00:00,22,"TRUE"
"436","3004520911",2018-01-19 03:00:00,22,"TRUE"
"437","3004520911",2018-01-19 04:00:00,24,"TRUE"
"438","3004520911",2018-01-19 05:00:00,31,"TRUE"
"439","3004520911",2018-01-19 06:00:00,50,"TRUE"
"440","3004520911",2018-01-19 07:00:00,53,"TRUE"
"441","3004520911",2018-01-19 08:00:00,40,"TRUE"
"442","3004520911",2018-01-19 09:00:00,52,"TRUE"
"443","3004520911",2018-01-19 10:00:00,23,"TRUE"
"444","3004520911",2018-01-19 11:00:00,21,"TRUE"
"445","3004520911",2018-01-19 12:00:00,22,"TRUE"
"446","3004520911",2018-01-19 13:00:00,21,"TRUE"
"447","3004520911",2018-01-19 14:00:00,21,"TRUE"
"448","3004520911",2018-01-19 15:00:00,22,"TRUE"
"449","3004520911",2018-01-19 16:00:00,21,"TRUE"
"450","3004520911",2018-01-19 17:00:00,21,"TRUE"
"451","3004520911",2018-01-19 18:00:00,21,"TRUE"
"452","3004520911",2018-01-19 19:00:00,21,"TRUE"
"453","3004520911",2018-01-19 20:00:00,21,"TRUE"
"454","3004520911",2018-01-19 21:00:00,26,"TRUE"
"455","3004520911",2018-01-19 22:00:00,65,"TRUE"
"456","3004520911",2018-01-19 23:00:00,81,"TRUE"
"457","3004520911",2018-01-20 00:00:00,21,"TRUE"
"458","3004520911",2018-01-20 01:00:00,20,"TRUE"
"459","3004520911",2018-01-20 02:00:00,21,"TRUE"
"460","3004520911",2018-01-20 03:00:00,21,"TRUE"
"461","3004520911",2018-01-20 04:00:00,25,"TRUE"
"462","3004520911",2018-01-20 05:00:00,35,"TRUE"
"463","3004520911",2018-01-20 06:00:00,48,"TRUE"
"464","3004520911",2018-01-20 07:00:00,46,"TRUE"
"465","3004520911",2018-01-20 08:00:00,19,"TRUE"
"466","3004520911",2018-01-20 09:00:00,20,"TRUE"
"467","3004520911",2018-01-20 10:00:00,20,"TRUE"
"468","3004520911",2018-01-20 11:00:00,19,"TRUE"
"469","3004520911",2018-01-20 12:00:00,20,"TRUE"
"470","3004520911",2018-01-20 13:00:00,19,"TRUE"
"471","3004520911",2018-01-20 14:00:00,21,"TRUE"
"472","3004520911",2018-01-20 15:00:00,21,"TRUE"
"473","3004520911",2018-01-20 16:00:00,23,"TRUE"
"474","3004520911",2018-01-20 17:00:00,25,"TRUE"
"475","3004520911",2018-01-20 18:00:00,23,"TRUE"
"476","3004520911",2018-01-20 19:00:00,19,"TRUE"
"477","3004520911",2018-01-20 20:00:00,34,"TRUE"
"478","3004520911",2018-01-20 21:00:00,108,"TRUE"
"479","3004520911",2018-01-20 22:00:00,132,"TRUE"
"480","3004520911",2018-01-20 23:00:00,31,"TRUE"
"481","3004520911",2018-01-21 00:00:00,25,"TRUE"
"482","3004520911",2018-01-21 01:00:00,31,"TRUE"
"483","3004520911",2018-01-21 02:00:00,34,"TRUE"
"484","3004520911",2018-01-21 03:00:00,25,"TRUE"
"485","3004520911",2018-01-21 04:00:00,24,"TRUE"
"486","3004520911",2018-01-21 05:00:00,27,"TRUE"
"487","3004520911",2018-01-21 06:00:00,32,"TRUE"
"488","3004520911",2018-01-21 07:00:00,29,"TRUE"
"489","3004520911",2018-01-21 08:00:00,42,"TRUE"
"490","3004520911",2018-01-21 09:00:00,65,"TRUE"
"491","3004520911",2018-01-21 10:00:00,41,"TRUE"
"492","3004520911",2018-01-21 11:00:00,60,"TRUE"
"493","3004520911",2018-01-21 12:00:00,68,"TRUE"
"494","3004520911",2018-01-21 13:00:00,28,"TRUE"
"495","3004520911",2018-01-21 14:00:00,42,"TRUE"
"496","3004520911",2018-01-21 15:00:00,40,"TRUE"
"497","3004520911",2018-01-21 16:00:00,29,"TRUE"
"498","3004520911",2018-01-21 17:00:00,29,"TRUE"
"499","3004520911",2018-01-21 18:00:00,33,"TRUE"
"500","3004520911",2018-01-21 19:00:00,75,"TRUE"
"501","3004520911",2018-01-21 20:00:00,120,"TRUE"
"502","3004520911",2018-01-21 21:00:00,67,"TRUE"
"503","3004520911",2018-01-21 22:00:00,20,"TRUE"
"504","3004520911",2018-01-21 23:00:00,33,"TRUE"
"505","3004520911",2018-01-22 00:00:00,40,"TRUE"
"506","3004520911",2018-01-22 01:00:00,26,"TRUE"
"507","3004520911",2018-01-22 02:00:00,29,"TRUE"
"508","3004520911",2018-01-22 03:00:00,20,"TRUE"
"509","3004520911",2018-01-22 04:00:00,20,"TRUE"
"510","3004520911",2018-01-22 05:00:00,28,"TRUE"
"511","3004520911",2018-01-22 06:00:00,56,"TRUE"
"512","3004520911",2018-01-22 07:00:00,62,"TRUE"
"513","3004520911",2018-01-22 08:00:00,37,"TRUE"
"514","3004520911",2018-01-22 09:00:00,37,"TRUE"
"515","3004520911",2018-01-22 10:00:00,22,"TRUE"
"516","3004520911",2018-01-22 11:00:00,22,"TRUE"
"517","3004520911",2018-01-22 12:00:00,22,"TRUE"
"518","3004520911",2018-01-22 13:00:00,22,"TRUE"
"519","3004520911",2018-01-22 14:00:00,21,"TRUE"
"520","3004520911",2018-01-22 15:00:00,22,"TRUE"
"521","3004520911",2018-01-22 16:00:00,21,"TRUE"
"522","3004520911",2018-01-22 17:00:00,22,"TRUE"
"523","3004520911",2018-01-22 18:00:00,22,"TRUE"
"524","3004520911",2018-01-22 19:00:00,24,"TRUE"
"525","3004520911",2018-01-22 20:00:00,29,"TRUE"
"526","3004520911",2018-01-22 21:00:00,31,"TRUE"
"527","3004520911",2018-01-22 22:00:00,33,"TRUE"
"528","3004520911",2018-01-22 23:00:00,63,"TRUE"
"529","3004520911",2018-01-23 00:00:00,114,"TRUE"
"530","3004520911",2018-01-23 01:00:00,65,"TRUE"
"531","3004520911",2018-01-23 02:00:00,21,"TRUE"
"532","3004520911",2018-01-23 03:00:00,22,"TRUE"
"533","3004520911",2018-01-23 04:00:00,23,"TRUE"
"534","3004520911",2018-01-23 05:00:00,30,"TRUE"
"535","3004520911",2018-01-23 06:00:00,46,"TRUE"
"536","3004520911",2018-01-23 07:00:00,46,"TRUE"
"537","3004520911",2018-01-23 08:00:00,32,"TRUE"
"538","3004520911",2018-01-23 09:00:00,44,"TRUE"
"539","3004520911",2018-01-23 10:00:00,22,"TRUE"
"540","3004520911",2018-01-23 11:00:00,22,"TRUE"
"541","3004520911",2018-01-23 12:00:00,21,"TRUE"
"542","3004520911",2018-01-23 13:00:00,22,"TRUE"
"543","3004520911",2018-01-23 14:00:00,21,"TRUE"
"544","3004520911",2018-01-23 15:00:00,22,"TRUE"
"545","3004520911",2018-01-23 16:00:00,21,"TRUE"
"546","3004520911",2018-01-23 17:00:00,21,"TRUE"
"547","3004520911",2018-01-23 18:00:00,21,"TRUE"
"548","3004520911",2018-01-23 19:00:00,21,"TRUE"
"549","3004520911",2018-01-23 20:00:00,25,"TRUE"
"550","3004520911",2018-01-23 21:00:00,41,"TRUE"
"551","3004520911",2018-01-23 22:00:00,86,"TRUE"
"552","3004520911",2018-01-23 23:00:00,101,"TRUE"
"553","3004520911",2018-01-24 00:00:00,59,"TRUE"
"554","3004520911",2018-01-24 01:00:00,69,"TRUE"
"555","3004520911",2018-01-24 02:00:00,22,"TRUE"
"556","3004520911",2018-01-24 03:00:00,23,"TRUE"
"557","3004520911",2018-01-24 04:00:00,23,"TRUE"
"558","3004520911",2018-01-24 05:00:00,45,"TRUE"
"559","3004520911",2018-01-24 06:00:00,59,"TRUE"
"560","3004520911",2018-01-24 07:00:00,24,"TRUE"
"561","3004520911",2018-01-24 08:00:00,40,"TRUE"
"562","3004520911",2018-01-24 09:00:00,57,"TRUE"
"563","3004520911",2018-01-24 10:00:00,30,"TRUE"
"564","3004520911",2018-01-24 11:00:00,23,"TRUE"
"565","3004520911",2018-01-24 12:00:00,23,"TRUE"
"566","3004520911",2018-01-24 13:00:00,23,"TRUE"
"567","3004520911",2018-01-24 14:00:00,22,"TRUE"
"568","3004520911",2018-01-24 15:00:00,24,"TRUE"
"569","3004520911",2018-01-24 16:00:00,22,"TRUE"
"570","3004520911",2018-01-24 17:00:00,23,"TRUE"
"571","3004520911",2018-01-24 18:00:00,22,"TRUE"
"572","3004520911",2018-01-24 19:00:00,23,"TRUE"
"573","3004520911",2018-01-24 20:00:00,22,"TRUE"
"574","3004520911",2018-01-24 21:00:00,23,"TRUE"
"575","3004520911",2018-01-24 22:00:00,24,"TRUE"
"576","3004520911",2018-01-24 23:00:00,70,"TRUE"
"577","3004520911",2018-01-25 00:00:00,95,"TRUE"
"578","3004520911",2018-01-25 01:00:00,23,"TRUE"
"579","3004520911",2018-01-25 02:00:00,39,"TRUE"
"580","3004520911",2018-01-25 03:00:00,50,"TRUE"
"581","3004520911",2018-01-25 04:00:00,22,"TRUE"
"582","3004520911",2018-01-25 05:00:00,30,"TRUE"
"583","3004520911",2018-01-25 06:00:00,52,"TRUE"
"584","3004520911",2018-01-25 07:00:00,61,"TRUE"
"585","3004520911",2018-01-25 08:00:00,50,"TRUE"
"586","3004520911",2018-01-25 09:00:00,48,"TRUE"
"587","3004520911",2018-01-25 10:00:00,23,"TRUE"
"588","3004520911",2018-01-25 11:00:00,22,"TRUE"
"589","3004520911",2018-01-25 12:00:00,22,"TRUE"
"590","3004520911",2018-01-25 13:00:00,22,"TRUE"
"591","3004520911",2018-01-25 14:00:00,22,"TRUE"
"592","3004520911",2018-01-25 15:00:00,22,"TRUE"
"593","3004520911",2018-01-25 16:00:00,23,"TRUE"
"594","3004520911",2018-01-25 17:00:00,22,"TRUE"
"595","3004520911",2018-01-25 18:00:00,22,"TRUE"
"596","3004520911",2018-01-25 19:00:00,22,"TRUE"
"597","3004520911",2018-01-25 20:00:00,22,"TRUE"
"598","3004520911",2018-01-25 21:00:00,30,"TRUE"
"599","3004520911",2018-01-25 22:00:00,80,"TRUE"
"600","3004520911",2018-01-25 23:00:00,96,"TRUE"
"601","3004520911",2018-01-26 00:00:00,26,"TRUE"
"602","3004520911",2018-01-26 01:00:00,29,"TRUE"
"603","3004520911",2018-01-26 02:00:00,42,"TRUE"
"604","3004520911",2018-01-26 03:00:00,56,"TRUE"
"605","3004520911",2018-01-26 04:00:00,22,"TRUE"
"606","3004520911",2018-01-26 05:00:00,26,"TRUE"
"607","3004520911",2018-01-26 06:00:00,47,"TRUE"
"608","3004520911",2018-01-26 07:00:00,54,"TRUE"
"609","3004520911",2018-01-26 08:00:00,42,"TRUE"
"610","3004520911",2018-01-26 09:00:00,57,"TRUE"
"611","3004520911",2018-01-26 10:00:00,34,"TRUE"
"612","3004520911",2018-01-26 11:00:00,25,"TRUE"
"613","3004520911",2018-01-26 12:00:00,21,"TRUE"
"614","3004520911",2018-01-26 13:00:00,22,"TRUE"
"615","3004520911",2018-01-26 14:00:00,21,"TRUE"
"616","3004520911",2018-01-26 15:00:00,21,"TRUE"
"617","3004520911",2018-01-26 16:00:00,21,"TRUE"
"618","3004520911",2018-01-26 17:00:00,21,"TRUE"
"619","3004520911",2018-01-26 18:00:00,21,"TRUE"
"620","3004520911",2018-01-26 19:00:00,21,"TRUE"
"621","3004520911",2018-01-26 20:00:00,21,"TRUE"
"622","3004520911",2018-01-26 21:00:00,27,"TRUE"
"623","3004520911",2018-01-26 22:00:00,70,"TRUE"
"624","3004520911",2018-01-26 23:00:00,88,"TRUE"
"625","3004520911",2018-01-27 00:00:00,28,"TRUE"
"626","3004520911",2018-01-27 01:00:00,31,"TRUE"
"627","3004520911",2018-01-27 02:00:00,30,"TRUE"
"628","3004520911",2018-01-27 03:00:00,31,"TRUE"
"629","3004520911",2018-01-27 04:00:00,27,"TRUE"
"630","3004520911",2018-01-27 05:00:00,39,"TRUE"
"631","3004520911",2018-01-27 06:00:00,66,"TRUE"
"632","3004520911",2018-01-27 07:00:00,53,"TRUE"
"633","3004520911",2018-01-27 08:00:00,24,"TRUE"
"634","3004520911",2018-01-27 09:00:00,24,"TRUE"
"635","3004520911",2018-01-27 10:00:00,24,"TRUE"
"636","3004520911",2018-01-27 11:00:00,24,"TRUE"
"637","3004520911",2018-01-27 12:00:00,24,"TRUE"
"638","3004520911",2018-01-27 13:00:00,28,"TRUE"
"639","3004520911",2018-01-27 14:00:00,32,"TRUE"
"640","3004520911",2018-01-27 15:00:00,30,"TRUE"
"641","3004520911",2018-01-27 16:00:00,32,"TRUE"
"642","3004520911",2018-01-27 17:00:00,26,"TRUE"
"643","3004520911",2018-01-27 18:00:00,26,"TRUE"
"644","3004520911",2018-01-27 19:00:00,62,"TRUE"
"645","3004520911",2018-01-27 20:00:00,89,"TRUE"
"646","3004520911",2018-01-27 21:00:00,29,"TRUE"
"647","3004520911",2018-01-27 22:00:00,42,"TRUE"
"648","3004520911",2018-01-27 23:00:00,89,"TRUE"
"649","3004520911",2018-01-28 00:00:00,86,"TRUE"
"650","3004520911",2018-01-28 01:00:00,23,"TRUE"
"651","3004520911",2018-01-28 02:00:00,23,"TRUE"
"652","3004520911",2018-01-28 03:00:00,26,"TRUE"
"653","3004520911",2018-01-28 04:00:00,38,"TRUE"
"654","3004520911",2018-01-28 05:00:00,47,"TRUE"
"655","3004520911",2018-01-28 06:00:00,31,"TRUE"
"656","3004520911",2018-01-28 07:00:00,34,"TRUE"
"657","3004520911",2018-01-28 08:00:00,61,"TRUE"
"658","3004520911",2018-01-28 09:00:00,88,"TRUE"
"659","3004520911",2018-01-28 10:00:00,66,"TRUE"
"660","3004520911",2018-01-28 11:00:00,90,"TRUE"
"661","3004520911",2018-01-28 12:00:00,93,"TRUE"
"662","3004520911",2018-01-28 13:00:00,31,"TRUE"
"663","3004520911",2018-01-28 14:00:00,28,"TRUE"
"664","3004520911",2018-01-28 15:00:00,49,"TRUE"
"665","3004520911",2018-01-28 16:00:00,70,"TRUE"
"666","3004520911",2018-01-28 17:00:00,42,"TRUE"
"667","3004520911",2018-01-28 18:00:00,40,"TRUE"
"668","3004520911",2018-01-28 19:00:00,98,"TRUE"
"669","3004520911",2018-01-28 20:00:00,109,"TRUE"
"670","3004520911",2018-01-28 21:00:00,30,"TRUE"
"671","3004520911",2018-01-28 22:00:00,27,"TRUE"
"672","3004520911",2018-01-28 23:00:00,68,"TRUE"
"673","3004520911",2018-01-29 00:00:00,96,"TRUE"
"674","3004520911",2018-01-29 01:00:00,36,"TRUE"
"675","3004520911",2018-01-29 02:00:00,30,"TRUE"
"676","3004520911",2018-01-29 03:00:00,25,"TRUE"
"677","3004520911",2018-01-29 04:00:00,25,"TRUE"
"678","3004520911",2018-01-29 05:00:00,38,"TRUE"
"679","3004520911",2018-01-29 06:00:00,65,"TRUE"
"680","3004520911",2018-01-29 07:00:00,53,"TRUE"
"681","3004520911",2018-01-29 08:00:00,37,"TRUE"
"682","3004520911",2018-01-29 09:00:00,45,"TRUE"
"683","3004520911",2018-01-29 10:00:00,22,"TRUE"
"684","3004520911",2018-01-29 11:00:00,23,"TRUE"
"685","3004520911",2018-01-29 12:00:00,22,"TRUE"
"686","3004520911",2018-01-29 13:00:00,22,"TRUE"
"687","3004520911",2018-01-29 14:00:00,22,"TRUE"
"688","3004520911",2018-01-29 15:00:00,22,"TRUE"
"689","3004520911",2018-01-29 16:00:00,23,"TRUE"
"690","3004520911",2018-01-29 17:00:00,22,"TRUE"
"691","3004520911",2018-01-29 18:00:00,22,"TRUE"
"692","3004520911",2018-01-29 19:00:00,22,"TRUE"
"693","3004520911",2018-01-29 20:00:00,23,"TRUE"
"694","3004520911",2018-01-29 21:00:00,28,"TRUE"
"695","3004520911",2018-01-30 00:00:00,134,"TRUE"
"696","3004520911",2018-01-29 22:00:00,29,"TRUE"
"697","3004520911",2018-01-29 23:00:00,76,"TRUE"
"698","3004520911",2018-01-30 01:00:00,68,"TRUE"
"699","3004520911",2018-01-30 05:00:00,31,"TRUE"
"700","3004520911",2018-01-30 04:00:00,24,"TRUE"
"701","3004520911",2018-01-30 02:00:00,23,"TRUE"
"702","3004520911",2018-01-30 03:00:00,23,"TRUE"
"703","3004479342",2018-01-01 00:00:00,86,"FALSE"
"704","3004479342",2018-01-01 01:00:00,25,"FALSE"
"705","3004479342",2018-01-01 02:00:00,7,"FALSE"
"706","3004479342",2018-01-01 03:00:00,3,"FALSE"
"707","3004479342",2018-01-01 04:00:00,4,"FALSE"
"708","3004479342",2018-01-01 05:00:00,7,"FALSE"
"709","3004479342",2018-01-01 06:00:00,5,"FALSE"
"710","3004479342",2018-01-01 07:00:00,24,"FALSE"
"711","3004479342",2018-01-01 08:00:00,33,"FALSE"
"712","3004479342",2018-01-01 09:00:00,37,"FALSE"
"713","3004479342",2018-01-01 10:00:00,77,"FALSE"
"714","3004479342",2018-01-01 11:00:00,71,"FALSE"
"715","3004479342",2018-01-01 12:00:00,64,"FALSE"
"716","3004479342",2018-01-01 13:00:00,69,"FALSE"
"717","3004479342",2018-01-01 14:00:00,45,"FALSE"
"718","3004479342",2018-01-01 15:00:00,48,"FALSE"
"719","3004479342",2018-01-01 16:00:00,61,"FALSE"
"720","3004479342",2018-01-01 17:00:00,44,"FALSE"
"721","3004479342",2018-01-01 18:00:00,17,"FALSE"
"722","3004479342",2018-01-01 19:00:00,115,"FALSE"
"723","3004479342",2018-01-01 20:00:00,221,"FALSE"
"724","3004479342",2018-01-01 21:00:00,172,"FALSE"
"725","3004479342",2018-01-01 22:00:00,86,"FALSE"
"726","3004479342",2018-01-01 23:00:00,59,"FALSE"
"727","3004479342",2018-01-02 00:00:00,35,"FALSE"
"728","3004479342",2018-01-02 01:00:00,0,"FALSE"
"729","3004479342",2018-01-02 02:00:00,6,"FALSE"
"730","3004479342",2018-01-02 03:00:00,8,"FALSE"
"731","3004479342",2018-01-02 04:00:00,7,"FALSE"
"732","3004479342",2018-01-02 05:00:00,6,"FALSE"
"733","3004479342",2018-01-02 06:00:00,52,"FALSE"
"734","3004479342",2018-01-02 07:00:00,86,"FALSE"
"735","3004479342",2018-01-02 08:00:00,36,"FALSE"
"736","3004479342",2018-01-02 09:00:00,8,"FALSE"
"737","3004479342",2018-01-02 10:00:00,9,"FALSE"
"738","3004479342",2018-01-02 11:00:00,10,"FALSE"
"739","3004479342",2018-01-02 12:00:00,8,"FALSE"
"740","3004479342",2018-01-02 13:00:00,3,"FALSE"
"741","3004479342",2018-01-02 14:00:00,0,"FALSE"
"742","3004479342",2018-01-02 15:00:00,24,"FALSE"
"743","3004479342",2018-01-02 16:00:00,45,"FALSE"
"744","3004479342",2018-01-02 17:00:00,46,"FALSE"
"745","3004479342",2018-01-02 18:00:00,45,"FALSE"
"746","3004479342",2018-01-02 19:00:00,46,"FALSE"
"747","3004479342",2018-01-02 20:00:00,158,"FALSE"
"748","3004479342",2018-01-02 21:00:00,181,"FALSE"
"749","3004479342",2018-01-02 22:00:00,63,"FALSE"
"750","3004479342",2018-01-02 23:00:00,24,"FALSE"
"751","3004479342",2018-01-03 00:00:00,5,"FALSE"
"752","3004479342",2018-01-03 01:00:00,9,"FALSE"
"753","3004479342",2018-01-03 02:00:00,5,"FALSE"
"754","3004479342",2018-01-03 03:00:00,1,"FALSE"
"755","3004479342",2018-01-03 04:00:00,3,"FALSE"
"756","3004479342",2018-01-03 05:00:00,3,"FALSE"
"757","3004479342",2018-01-03 06:00:00,50,"FALSE"
"758","3004479342",2018-01-03 07:00:00,68,"FALSE"
"759","3004479342",2018-01-03 08:00:00,35,"FALSE"
"760","3004479342",2018-01-03 09:00:00,36,"FALSE"
"761","3004479342",2018-01-03 10:00:00,36,"FALSE"
"762","3004479342",2018-01-03 11:00:00,35,"FALSE"
"763","3004479342",2018-01-03 12:00:00,55,"FALSE"
"764","3004479342",2018-01-03 13:00:00,40,"FALSE"
"765","3004479342",2018-01-03 14:00:00,7,"FALSE"
"766","3004479342",2018-01-03 15:00:00,16,"FALSE"
"767","3004479342",2018-01-03 16:00:00,83,"FALSE"
"768","3004479342",2018-01-03 17:00:00,106,"FALSE"
"769","3004479342",2018-01-03 18:00:00,41,"FALSE"
"770","3004479342",2018-01-03 19:00:00,62,"FALSE"
"771","3004479342",2018-01-03 20:00:00,141,"FALSE"
"772","3004479342",2018-01-03 21:00:00,121,"FALSE"
"773","3004479342",2018-01-03 22:00:00,48,"FALSE"
"774","3004479342",2018-01-03 23:00:00,26,"FALSE"
"775","3004479342",2018-01-04 00:00:00,9,"FALSE"
"776","3004479342",2018-01-04 01:00:00,9,"FALSE"
"777","3004479342",2018-01-04 02:00:00,10,"FALSE"
"778","3004479342",2018-01-04 03:00:00,9,"FALSE"
"779","3004479342",2018-01-04 04:00:00,9,"FALSE"
"780","3004479342",2018-01-04 05:00:00,5,"FALSE"
"781","3004479342",2018-01-04 06:00:00,53,"FALSE"
"782","3004479342",2018-01-04 07:00:00,87,"FALSE"
"783","3004479342",2018-01-04 08:00:00,39,"FALSE"
"784","3004479342",2018-01-04 09:00:00,15,"FALSE"
"785","3004479342",2018-01-04 10:00:00,10,"FALSE"
"786","3004479342",2018-01-04 11:00:00,8,"FALSE"
"787","3004479342",2018-01-04 12:00:00,19,"FALSE"
"788","3004479342",2018-01-04 13:00:00,40,"FALSE"
"789","3004479342",2018-01-04 14:00:00,33,"FALSE"
"790","3004479342",2018-01-04 15:00:00,33,"FALSE"
"791","3004479342",2018-01-04 16:00:00,28,"FALSE"
"792","3004479342",2018-01-04 17:00:00,5,"FALSE"
"793","3004479342",2018-01-04 18:00:00,21,"FALSE"
"794","3004479342",2018-01-04 19:00:00,111,"FALSE"
"795","3004479342",2018-01-04 20:00:00,167,"FALSE"
"796","3004479342",2018-01-04 21:00:00,93,"FALSE"
"797","3004479342",2018-01-04 22:00:00,49,"FALSE"
"798","3004479342",2018-01-04 23:00:00,37,"FALSE"
"799","3004479342",2018-01-05 00:00:00,11,"FALSE"
"800","3004479342",2018-01-05 01:00:00,5,"FALSE"
"801","3004479342",2018-01-05 02:00:00,5,"FALSE"
"802","3004479342",2018-01-05 03:00:00,1,"FALSE"
"803","3004479342",2018-01-05 04:00:00,5,"FALSE"
"804","3004479342",2018-01-05 05:00:00,9,"FALSE"
"805","3004479342",2018-01-05 06:00:00,62,"FALSE"
"806","3004479342",2018-01-05 07:00:00,77,"FALSE"
"807","3004479342",2018-01-05 08:00:00,37,"FALSE"
"808","3004479342",2018-01-05 09:00:00,38,"FALSE"
"809","3004479342",2018-01-05 10:00:00,37,"FALSE"
"810","3004479342",2018-01-05 11:00:00,37,"FALSE"
"811","3004479342",2018-01-05 12:00:00,21,"FALSE"
"812","3004479342",2018-01-05 13:00:00,4,"FALSE"
"813","3004479342",2018-01-05 14:00:00,6,"FALSE"
"814","3004479342",2018-01-05 15:00:00,67,"FALSE"
"815","3004479342",2018-01-05 16:00:00,158,"FALSE"
"816","3004479342",2018-01-05 17:00:00,118,"FALSE"
"817","3004479342",2018-01-05 18:00:00,45,"FALSE"
"818","3004479342",2018-01-05 19:00:00,90,"FALSE"
"819","3004479342",2018-01-05 20:00:00,120,"FALSE"
"820","3004479342",2018-01-05 21:00:00,58,"FALSE"
"821","3004479342",2018-01-05 22:00:00,22,"FALSE"
"822","3004479342",2018-01-05 23:00:00,36,"FALSE"
"823","3004479342",2018-01-06 00:00:00,23,"FALSE"
"824","3004479342",2018-01-06 01:00:00,3,"FALSE"
"825","3004479342",2018-01-06 02:00:00,2,"FALSE"
"826","3004479342",2018-01-06 03:00:00,17,"FALSE"
"827","3004479342",2018-01-06 04:00:00,34,"FALSE"
"828","3004479342",2018-01-06 05:00:00,33,"FALSE"
"829","3004479342",2018-01-06 06:00:00,34,"FALSE"
"830","3004479342",2018-01-06 07:00:00,34,"FALSE"
"831","3004479342",2018-01-06 08:00:00,33,"FALSE"
"832","3004479342",2018-01-06 09:00:00,34,"FALSE"
"833","3004479342",2018-01-06 10:00:00,34,"FALSE"
"834","3004479342",2018-01-06 11:00:00,33,"FALSE"
"835","3004479342",2018-01-06 12:00:00,43,"FALSE"
"836","3004479342",2018-01-06 13:00:00,78,"FALSE"
"837","3004479342",2018-01-06 14:00:00,65,"FALSE"
"838","3004479342",2018-01-06 15:00:00,62,"FALSE"
"839","3004479342",2018-01-06 16:00:00,71,"FALSE"
"840","3004479342",2018-01-06 17:00:00,25,"FALSE"
"841","3004479342",2018-01-06 18:00:00,13,"FALSE"
"842","3004479342",2018-01-06 19:00:00,46,"FALSE"
"843","3004479342",2018-01-06 20:00:00,52,"FALSE"
"844","3004479342",2018-01-06 21:00:00,20,"FALSE"
"845","3004479342",2018-01-06 22:00:00,31,"FALSE"
"846","3004479342",2018-01-06 23:00:00,105,"FALSE"
"847","3004479342",2018-01-07 00:00:00,89,"FALSE"
"848","3004479342",2018-01-07 01:00:00,6,"FALSE"
"849","3004479342",2018-01-07 02:00:00,3,"FALSE"
"850","3004479342",2018-01-07 03:00:00,5,"FALSE"
"851","3004479342",2018-01-07 04:00:00,9,"FALSE"
"852","3004479342",2018-01-07 05:00:00,8,"FALSE"
"853","3004479342",2018-01-07 06:00:00,5,"FALSE"
"854","3004479342",2018-01-07 07:00:00,12,"FALSE"
"855","3004479342",2018-01-07 08:00:00,14,"FALSE"
"856","3004479342",2018-01-07 09:00:00,26,"FALSE"
"857","3004479342",2018-01-07 10:00:00,71,"FALSE"
"858","3004479342",2018-01-07 11:00:00,78,"FALSE"
"859","3004479342",2018-01-07 12:00:00,37,"FALSE"
"860","3004479342",2018-01-07 13:00:00,25,"FALSE"
"861","3004479342",2018-01-07 14:00:00,73,"FALSE"
"862","3004479342",2018-01-07 15:00:00,74,"FALSE"
"863","3004479342",2018-01-07 16:00:00,15,"FALSE"
"864","3004479342",2018-01-07 17:00:00,24,"FALSE"
"865","3004479342",2018-01-07 18:00:00,32,"FALSE"
"866","3004479342",2018-01-07 19:00:00,47,"FALSE"
"867","3004479342",2018-01-07 20:00:00,51,"FALSE"
"868","3004479342",2018-01-07 21:00:00,75,"FALSE"
"869","3004479342",2018-01-07 22:00:00,108,"FALSE"
"870","3004479342",2018-01-07 23:00:00,65,"FALSE"
"871","3004479342",2018-01-08 00:00:00,14,"FALSE"
"872","3004479342",2018-01-08 01:00:00,4,"FALSE"
"873","3004479342",2018-01-08 02:00:00,6,"FALSE"
"874","3004479342",2018-01-08 03:00:00,3,"FALSE"
"875","3004479342",2018-01-08 04:00:00,1,"FALSE"
"876","3004479342",2018-01-08 05:00:00,2,"FALSE"
"877","3004479342",2018-01-08 06:00:00,61,"FALSE"
"878","3004479342",2018-01-08 07:00:00,80,"FALSE"
"879","3004479342",2018-01-08 08:00:00,31,"FALSE"
"880","3004479342",2018-01-08 09:00:00,25,"FALSE"
"881","3004479342",2018-01-08 10:00:00,9,"FALSE"
"882","3004479342",2018-01-08 11:00:00,19,"FALSE"
"883","3004479342",2018-01-08 12:00:00,44,"FALSE"
"884","3004479342",2018-01-08 13:00:00,31,"FALSE"
"885","3004479342",2018-01-08 14:00:00,23,"FALSE"
"886","3004479342",2018-01-08 15:00:00,76,"FALSE"
"887","3004479342",2018-01-08 16:00:00,116,"FALSE"
"888","3004479342",2018-01-08 17:00:00,60,"FALSE"
"889","3004479342",2018-01-08 18:00:00,13,"FALSE"
"890","3004479342",2018-01-08 19:00:00,29,"FALSE"
"891","3004479342",2018-01-08 20:00:00,39,"FALSE"
"892","3004479342",2018-01-08 21:00:00,72,"FALSE"
"893","3004479342",2018-01-08 22:00:00,160,"FALSE"
"894","3004479342",2018-01-08 23:00:00,131,"FALSE"
"895","3004479342",2018-01-09 00:00:00,23,"FALSE"
"896","3004479342",2018-01-09 01:00:00,3,"FALSE"
"897","3004479342",2018-01-09 02:00:00,5,"FALSE"
"898","3004479342",2018-01-09 03:00:00,2,"FALSE"
"899","3004479342",2018-01-09 04:00:00,0,"FALSE"
"900","3004479342",2018-01-09 05:00:00,1,"FALSE"
"901","3004479342",2018-01-09 06:00:00,17,"FALSE"
"902","3004479342",2018-01-09 07:00:00,58,"FALSE"
"903","3004479342",2018-01-09 08:00:00,58,"FALSE"
"904","3004479342",2018-01-09 09:00:00,22,"FALSE"
"905","3004479342",2018-01-09 10:00:00,45,"FALSE"
"906","3004479342",2018-01-09 11:00:00,55,"FALSE"
"907","3004479342",2018-01-09 12:00:00,17,"FALSE"
"908","3004479342",2018-01-09 13:00:00,50,"FALSE"
"909","3004479342",2018-01-09 14:00:00,56,"FALSE"
"910","3004479342",2018-01-09 15:00:00,6,"FALSE"
"911","3004479342",2018-01-09 16:00:00,2,"FALSE"
"912","3004479342",2018-01-09 17:00:00,16,"FALSE"
"913","3004479342",2018-01-09 18:00:00,27,"FALSE"
"914","3004479342",2018-01-09 19:00:00,27,"FALSE"
"915","3004479342",2018-01-09 20:00:00,119,"FALSE"
"916","3004479342",2018-01-09 21:00:00,121,"FALSE"
"917","3004479342",2018-01-09 22:00:00,77,"FALSE"
"918","3004479342",2018-01-09 23:00:00,75,"FALSE"
"919","3004479342",2018-01-10 00:00:00,10,"FALSE"
"920","3004479342",2018-01-10 01:00:00,5,"FALSE"
"921","3004479342",2018-01-10 02:00:00,7,"FALSE"
"922","3004479342",2018-01-10 03:00:00,0,"FALSE"
"923","3004479342",2018-01-10 04:00:00,3,"FALSE"
"924","3004479342",2018-01-10 05:00:00,5,"FALSE"
"925","3004479342",2018-01-10 06:00:00,13,"FALSE"
"926","3004479342",2018-01-10 07:00:00,48,"FALSE"
"927","3004479342",2018-01-10 08:00:00,53,"FALSE"
"928","3004479342",2018-01-10 09:00:00,24,"FALSE"
"929","3004479342",2018-01-10 10:00:00,10,"FALSE"
"930","3004479342",2018-01-10 11:00:00,3,"FALSE"
"931","3004479342",2018-01-10 12:00:00,7,"FALSE"
"932","3004479342",2018-01-10 13:00:00,17,"FALSE"
"933","3004479342",2018-01-10 14:00:00,70,"FALSE"
"934","3004479342",2018-01-10 15:00:00,75,"FALSE"
"935","3004479342",2018-01-10 16:00:00,22,"FALSE"
"936","3004479342",2018-01-10 17:00:00,21,"FALSE"
"937","3004479342",2018-01-10 18:00:00,22,"FALSE"
"938","3004479342",2018-01-10 19:00:00,21,"FALSE"
"939","3004479342",2018-01-10 20:00:00,97,"FALSE"
"940","3004479342",2018-01-10 21:00:00,138,"FALSE"
"941","3004479342",2018-01-10 22:00:00,81,"FALSE"
"942","3004479342",2018-01-10 23:00:00,61,"FALSE"
"943","3004479342",2018-01-11 00:00:00,34,"FALSE"
"944","3004479342",2018-01-11 01:00:00,18,"FALSE"
"945","3004479342",2018-01-11 02:00:00,15,"FALSE"
"946","3004479342",2018-01-11 03:00:00,6,"FALSE"
"947","3004479342",2018-01-11 04:00:00,6,"FALSE"
"948","3004479342",2018-01-11 05:00:00,2,"FALSE"
"949","3004479342",2018-01-11 06:00:00,15,"FALSE"
"950","3004479342",2018-01-11 07:00:00,67,"FALSE"
"951","3004479342",2018-01-11 08:00:00,57,"FALSE"
"952","3004479342",2018-01-11 09:00:00,4,"FALSE"
"953","3004479342",2018-01-11 10:00:00,26,"FALSE"
"954","3004479342",2018-01-11 11:00:00,49,"FALSE"
"955","3004479342",2018-01-11 12:00:00,47,"FALSE"
"956","3004479342",2018-01-11 13:00:00,47,"FALSE"
"957","3004479342",2018-01-11 14:00:00,47,"FALSE"
"958","3004479342",2018-01-11 15:00:00,46,"FALSE"
"959","3004479342",2018-01-11 16:00:00,47,"FALSE"
"960","3004479342",2018-01-11 17:00:00,47,"FALSE"
"961","3004479342",2018-01-11 18:00:00,47,"FALSE"
"962","3004479342",2018-01-11 19:00:00,46,"FALSE"
"963","3004479342",2018-01-11 20:00:00,42,"FALSE"
"964","3004479342",2018-01-11 21:00:00,115,"FALSE"
"965","3004479342",2018-01-11 22:00:00,125,"FALSE"
"966","3004479342",2018-01-11 23:00:00,42,"FALSE"
"967","3004479342",2018-01-12 00:00:00,27,"FALSE"
"968","3004479342",2018-01-12 01:00:00,12,"FALSE"
"969","3004479342",2018-01-12 02:00:00,11,"FALSE"
"970","3004479342",2018-01-12 03:00:00,8,"FALSE"
"971","3004479342",2018-01-12 04:00:00,2,"FALSE"
"972","3004479342",2018-01-12 05:00:00,6,"FALSE"
"973","3004479342",2018-01-12 06:00:00,27,"FALSE"
"974","3004479342",2018-01-12 07:00:00,88,"FALSE"
"975","3004479342",2018-01-12 08:00:00,79,"FALSE"
"976","3004479342",2018-01-12 09:00:00,53,"FALSE"
"977","3004479342",2018-01-12 10:00:00,74,"FALSE"
"978","3004479342",2018-01-12 11:00:00,36,"FALSE"
"979","3004479342",2018-01-12 12:00:00,13,"FALSE"
"980","3004479342",2018-01-12 13:00:00,12,"FALSE"
"981","3004479342",2018-01-12 14:00:00,17,"FALSE"
"982","3004479342",2018-01-12 15:00:00,43,"FALSE"
"983","3004479342",2018-01-12 16:00:00,47,"FALSE"
"984","3004479342",2018-01-12 17:00:00,81,"FALSE"
"985","3004479342",2018-01-12 18:00:00,146,"FALSE"
"986","3004479342",2018-01-12 19:00:00,95,"FALSE"
"987","3004479342",2018-01-12 20:00:00,20,"FALSE"
"988","3004479342",2018-01-12 21:00:00,8,"FALSE"
"989","3004479342",2018-01-12 22:00:00,64,"FALSE"
"990","3004479342",2018-01-12 23:00:00,111,"FALSE"
"991","3004479342",2018-01-13 00:00:00,85,"FALSE"
"992","3004479342",2018-01-13 01:00:00,47,"FALSE"
"993","3004479342",2018-01-13 02:00:00,11,"FALSE"
"994","3004479342",2018-01-13 03:00:00,12,"FALSE"
"995","3004479342",2018-01-13 04:00:00,14,"FALSE"
"996","3004479342",2018-01-13 05:00:00,1,"FALSE"
"997","3004479342",2018-01-13 06:00:00,0,"FALSE"
"998","3004479342",2018-01-13 07:00:00,0,"FALSE"
"999","3004479342",2018-01-13 08:00:00,15,"FALSE"
"1000","3004479342",2018-01-13 09:00:00,84,"FALSE"
"1001","3004479342",2018-01-13 10:00:00,129,"FALSE"
"1002","3004479342",2018-01-13 11:00:00,94,"FALSE"
"1003","3004479342",2018-01-13 12:00:00,65,"FALSE"
"1004","3004479342",2018-01-13 13:00:00,60,"FALSE"
"1005","3004479342",2018-01-13 14:00:00,87,"FALSE"
"1006","3004479342",2018-01-13 15:00:00,139,"FALSE"
"1007","3004479342",2018-01-13 16:00:00,165,"FALSE"
"1008","3004479342",2018-01-13 17:00:00,95,"FALSE"
"1009","3004479342",2018-01-13 18:00:00,36,"FALSE"
"1010","3004479342",2018-01-13 19:00:00,30,"FALSE"
"1011","3004479342",2018-01-13 20:00:00,0,"FALSE"
"1012","3004479342",2018-01-13 21:00:00,20,"FALSE"
"1013","3004479342",2018-01-13 22:00:00,70,"FALSE"
"1014","3004479342",2018-01-13 23:00:00,53,"FALSE"
"1015","3004479342",2018-01-14 00:00:00,9,"FALSE"
"1016","3004479342",2018-01-14 01:00:00,8,"FALSE"
"1017","3004479342",2018-01-14 02:00:00,8,"FALSE"
"1018","3004479342",2018-01-14 03:00:00,8,"FALSE"
"1019","3004479342",2018-01-14 04:00:00,5,"FALSE"
"1020","3004479342",2018-01-14 05:00:00,0,"FALSE"
"1021","3004479342",2018-01-14 06:00:00,0,"FALSE"
"1022","3004479342",2018-01-14 07:00:00,2,"FALSE"
"1023","3004479342",2018-01-14 08:00:00,0,"FALSE"
"1024","3004479342",2018-01-14 09:00:00,56,"FALSE"
"1025","3004479342",2018-01-14 10:00:00,83,"FALSE"
"1026","3004479342",2018-01-14 11:00:00,61,"FALSE"
"1027","3004479342",2018-01-14 12:00:00,58,"FALSE"
"1028","3004479342",2018-01-14 13:00:00,86,"FALSE"
"1029","3004479342",2018-01-14 14:00:00,131,"FALSE"
"1030","3004479342",2018-01-14 15:00:00,96,"FALSE"
"1031","3004479342",2018-01-14 16:00:00,36,"FALSE"
"1032","3004479342",2018-01-14 17:00:00,25,"FALSE"
"1033","3004479342",2018-01-14 18:00:00,41,"FALSE"
"1034","3004479342",2018-01-14 19:00:00,27,"FALSE"
"1035","3004479342",2018-01-14 20:00:00,61,"FALSE"
"1036","3004479342",2018-01-14 21:00:00,90,"FALSE"
"1037","3004479342",2018-01-14 22:00:00,53,"FALSE"
"1038","3004479342",2018-01-14 23:00:00,41,"FALSE"
"1039","3004479342",2018-01-15 00:00:00,18,"FALSE"
"1040","3004479342",2018-01-15 01:00:00,8,"FALSE"
"1041","3004479342",2018-01-15 02:00:00,17,"FALSE"
"1042","3004479342",2018-01-15 03:00:00,10,"FALSE"
"1043","3004479342",2018-01-15 04:00:00,0,"FALSE"
"1044","3004479342",2018-01-15 05:00:00,1,"FALSE"
"1045","3004479342",2018-01-15 06:00:00,22,"FALSE"
"1046","3004479342",2018-01-15 07:00:00,81,"FALSE"
"1047","3004479342",2018-01-15 08:00:00,71,"FALSE"
"1048","3004479342",2018-01-15 09:00:00,39,"FALSE"
"1049","3004479342",2018-01-15 10:00:00,37,"FALSE"
"1050","3004479342",2018-01-15 11:00:00,4,"FALSE"
"1051","3004479342",2018-01-15 12:00:00,9,"FALSE"
"1052","3004479342",2018-01-15 13:00:00,18,"FALSE"
"1053","3004479342",2018-01-15 14:00:00,29,"FALSE"
"1054","3004479342",2018-01-15 15:00:00,20,"FALSE"
"1055","3004479342",2018-01-15 16:00:00,6,"FALSE"
"1056","3004479342",2018-01-15 17:00:00,6,"FALSE"
"1057","3004479342",2018-01-15 18:00:00,15,"FALSE"
"1058","3004479342",2018-01-15 19:00:00,117,"FALSE"
"1059","3004479342",2018-01-15 20:00:00,132,"FALSE"
"1060","3004479342",2018-01-15 21:00:00,63,"FALSE"
"1061","3004479342",2018-01-15 22:00:00,56,"FALSE"
"1062","3004479342",2018-01-15 23:00:00,38,"FALSE"
"1063","3004479342",2018-01-16 00:00:00,33,"FALSE"
"1064","3004479342",2018-01-16 01:00:00,12,"FALSE"
"1065","3004479342",2018-01-16 02:00:00,3,"FALSE"
"1066","3004479342",2018-01-16 03:00:00,5,"FALSE"
"1067","3004479342",2018-01-16 04:00:00,1,"FALSE"
"1068","3004479342",2018-01-16 05:00:00,5,"FALSE"
"1069","3004479342",2018-01-16 06:00:00,22,"FALSE"
"1070","3004479342",2018-01-16 07:00:00,86,"FALSE"
"1071","3004479342",2018-01-16 08:00:00,87,"FALSE"
"1072","3004479342",2018-01-16 09:00:00,33,"FALSE"
"1073","3004479342",2018-01-16 10:00:00,28,"FALSE"
"1074","3004479342",2018-01-16 11:00:00,33,"FALSE"
"1075","3004479342",2018-01-16 12:00:00,22,"FALSE"
"1076","3004479342",2018-01-16 13:00:00,7,"FALSE"
"1077","3004479342",2018-01-16 14:00:00,15,"FALSE"
"1078","3004479342",2018-01-16 15:00:00,54,"FALSE"
"1079","3004479342",2018-01-16 16:00:00,120,"FALSE"
"1080","3004479342",2018-01-16 17:00:00,82,"FALSE"
"1081","3004479342",2018-01-16 18:00:00,17,"FALSE"
"1082","3004479342",2018-01-16 19:00:00,19,"FALSE"
"1083","3004479342",2018-01-16 20:00:00,140,"FALSE"
"1084","3004479342",2018-01-16 21:00:00,155,"FALSE"
"1085","3004479342",2018-01-16 22:00:00,44,"FALSE"
"1086","3004479342",2018-01-16 23:00:00,30,"FALSE"
"1087","3004479342",2018-01-17 00:00:00,9,"FALSE"
"1088","3004479342",2018-01-17 01:00:00,23,"FALSE"
"1089","3004479342",2018-01-17 02:00:00,31,"FALSE"
"1090","3004479342",2018-01-17 03:00:00,12,"FALSE"
"1091","3004479342",2018-01-17 04:00:00,4,"FALSE"
"1092","3004479342",2018-01-17 05:00:00,2,"FALSE"
"1093","3004479342",2018-01-17 06:00:00,2,"FALSE"
"1094","3004479342",2018-01-17 07:00:00,64,"FALSE"
"1095","3004479342",2018-01-17 08:00:00,80,"FALSE"
"1096","3004479342",2018-01-17 09:00:00,16,"FALSE"
"1097","3004479342",2018-01-17 10:00:00,14,"FALSE"
"1098","3004479342",2018-01-17 11:00:00,13,"FALSE"
"1099","3004479342",2018-01-17 12:00:00,4,"FALSE"
"1100","3004479342",2018-01-17 13:00:00,28,"FALSE"
"1101","3004479342",2018-01-17 14:00:00,29,"FALSE"
"1102","3004479342",2018-01-17 15:00:00,4,"FALSE"
"1103","3004479342",2018-01-17 16:00:00,4,"FALSE"
"1104","3004479342",2018-01-17 17:00:00,4,"FALSE"
"1105","3004479342",2018-01-17 18:00:00,25,"FALSE"
"1106","3004479342",2018-01-17 19:00:00,110,"FALSE"
"1107","3004479342",2018-01-17 20:00:00,151,"FALSE"
"1108","3004479342",2018-01-17 21:00:00,118,"FALSE"
"1109","3004479342",2018-01-17 22:00:00,70,"FALSE"
"1110","3004479342",2018-01-17 23:00:00,13,"FALSE"
"1111","3004479342",2018-01-18 00:00:00,5,"FALSE"
"1112","3004479342",2018-01-18 01:00:00,4,"FALSE"
"1113","3004479342",2018-01-18 02:00:00,5,"FALSE"
"1114","3004479342",2018-01-18 03:00:00,10,"FALSE"
"1115","3004479342",2018-01-18 04:00:00,6,"FALSE"
"1116","3004479342",2018-01-18 05:00:00,2,"FALSE"
"1117","3004479342",2018-01-18 06:00:00,16,"FALSE"
"1118","3004479342",2018-01-18 07:00:00,21,"FALSE"
"1119","3004479342",2018-01-18 08:00:00,23,"FALSE"
"1120","3004479342",2018-01-18 09:00:00,45,"FALSE"
"1121","3004479342",2018-01-18 10:00:00,76,"FALSE"
"1122","3004479342",2018-01-18 11:00:00,69,"FALSE"
"1123","3004479342",2018-01-18 12:00:00,37,"FALSE"
"1124","3004479342",2018-01-18 13:00:00,22,"FALSE"
"1125","3004479342",2018-01-18 14:00:00,11,"FALSE"
"1126","3004479342",2018-01-18 15:00:00,41,"FALSE"
"1127","3004479342",2018-01-18 16:00:00,95,"FALSE"
"1128","3004479342",2018-01-18 17:00:00,86,"FALSE"
"1129","3004479342",2018-01-18 18:00:00,40,"FALSE"
"1130","3004479342",2018-01-18 19:00:00,61,"FALSE"
"1131","3004479342",2018-01-18 20:00:00,66,"FALSE"
"1132","3004479342",2018-01-18 21:00:00,85,"FALSE"
"1133","3004479342",2018-01-18 22:00:00,72,"FALSE"
"1134","3004479342",2018-01-18 23:00:00,14,"FALSE"
"1135","3004479342",2018-01-19 00:00:00,23,"FALSE"
"1136","3004479342",2018-01-19 01:00:00,12,"FALSE"
"1137","3004479342",2018-01-19 02:00:00,4,"FALSE"
"1138","3004479342",2018-01-19 03:00:00,6,"FALSE"
"1139","3004479342",2018-01-19 04:00:00,1,"FALSE"
"1140","3004479342",2018-01-19 05:00:00,0,"FALSE"
"1141","3004479342",2018-01-19 06:00:00,14,"FALSE"
"1142","3004479342",2018-01-19 07:00:00,102,"FALSE"
"1143","3004479342",2018-01-19 08:00:00,103,"FALSE"
"1144","3004479342",2018-01-19 09:00:00,29,"FALSE"
"1145","3004479342",2018-01-19 10:00:00,33,"FALSE"
"1146","3004479342",2018-01-19 11:00:00,17,"FALSE"
"1147","3004479342",2018-01-19 12:00:00,7,"FALSE"
"1148","3004479342",2018-01-19 13:00:00,124,"FALSE"
"1149","3004479342",2018-01-19 14:00:00,161,"FALSE"
"1150","3004479342",2018-01-19 15:00:00,46,"FALSE"
"1151","3004479342",2018-01-19 16:00:00,11,"FALSE"
"1152","3004479342",2018-01-19 17:00:00,1,"FALSE"
"1153","3004479342",2018-01-19 18:00:00,14,"FALSE"
"1154","3004479342",2018-01-19 19:00:00,59,"FALSE"
"1155","3004479342",2018-01-19 20:00:00,113,"FALSE"
"1156","3004479342",2018-01-19 21:00:00,130,"FALSE"
"1157","3004479342",2018-01-19 22:00:00,81,"FALSE"
"1158","3004479342",2018-01-19 23:00:00,41,"FALSE"
"1159","3004479342",2018-01-20 00:00:00,33,"FALSE"
"1160","3004479342",2018-01-20 01:00:00,10,"FALSE"
"1161","3004479342",2018-01-20 02:00:00,5,"FALSE"
"1162","3004479342",2018-01-20 03:00:00,6,"FALSE"
"1163","3004479342",2018-01-20 04:00:00,9,"FALSE"
"1164","3004479342",2018-01-20 05:00:00,10,"FALSE"
"1165","3004479342",2018-01-20 06:00:00,0,"FALSE"
"1166","3004479342",2018-01-20 07:00:00,7,"FALSE"
"1167","3004479342",2018-01-20 08:00:00,71,"FALSE"
"1168","3004479342",2018-01-20 09:00:00,93,"FALSE"
"1169","3004479342",2018-01-20 10:00:00,87,"FALSE"
"1170","3004479342",2018-01-20 11:00:00,113,"FALSE"
"1171","3004479342",2018-01-20 12:00:00,60,"FALSE"
"1172","3004479342",2018-01-20 13:00:00,16,"FALSE"
"1173","3004479342",2018-01-20 14:00:00,52,"FALSE"
"1174","3004479342",2018-01-20 15:00:00,72,"FALSE"
"1175","3004479342",2018-01-20 16:00:00,28,"FALSE"
"1176","3004479342",2018-01-20 17:00:00,11,"FALSE"
"1177","3004479342",2018-01-20 18:00:00,19,"FALSE"
"1178","3004479342",2018-01-20 19:00:00,92,"FALSE"
"1179","3004479342",2018-01-20 20:00:00,108,"FALSE"
"1180","3004479342",2018-01-20 21:00:00,55,"FALSE"
"1181","3004479342",2018-01-20 22:00:00,98,"FALSE"
"1182","3004479342",2018-01-20 23:00:00,118,"FALSE"
"1183","3004479342",2018-01-21 00:00:00,54,"FALSE"
"1184","3004479342",2018-01-21 01:00:00,18,"FALSE"
"1185","3004479342",2018-01-21 02:00:00,12,"FALSE"
"1186","3004479342",2018-01-21 03:00:00,4,"FALSE"
"1187","3004479342",2018-01-21 04:00:00,7,"FALSE"
"1188","3004479342",2018-01-21 05:00:00,10,"FALSE"
"1189","3004479342",2018-01-21 06:00:00,2,"FALSE"
"1190","3004479342",2018-01-21 07:00:00,5,"FALSE"
"1191","3004479342",2018-01-21 08:00:00,10,"FALSE"
"1192","3004479342",2018-01-21 09:00:00,65,"FALSE"
"1193","3004479342",2018-01-21 10:00:00,87,"FALSE"
"1194","3004479342",2018-01-21 11:00:00,70,"FALSE"
"1195","3004479342",2018-01-21 12:00:00,70,"FALSE"
"1196","3004479342",2018-01-21 13:00:00,39,"FALSE"
"1197","3004479342",2018-01-21 14:00:00,75,"FALSE"
"1198","3004479342",2018-01-21 15:00:00,82,"FALSE"
"1199","3004479342",2018-01-21 16:00:00,31,"FALSE"
"1200","3004479342",2018-01-21 17:00:00,21,"FALSE"
"1201","3004479342",2018-01-21 18:00:00,44,"FALSE"
"1202","3004479342",2018-01-21 19:00:00,45,"FALSE"
"1203","3004479342",2018-01-21 20:00:00,97,"FALSE"
"1204","3004479342",2018-01-21 21:00:00,123,"FALSE"
"1205","3004479342",2018-01-21 22:00:00,71,"FALSE"
"1206","3004479342",2018-01-21 23:00:00,54,"FALSE"
"1207","3004479342",2018-01-22 00:00:00,17,"FALSE"
"1208","3004479342",2018-01-22 01:00:00,11,"FALSE"
"1209","3004479342",2018-01-22 02:00:00,8,"FALSE"
"1210","3004479342",2018-01-22 03:00:00,0,"FALSE"
"1211","3004479342",2018-01-22 04:00:00,0,"FALSE"
"1212","3004479342",2018-01-22 05:00:00,0,"FALSE"
"1213","3004479342",2018-01-22 06:00:00,15,"FALSE"
"1214","3004479342",2018-01-22 07:00:00,20,"FALSE"
"1215","3004479342",2018-01-22 08:00:00,24,"FALSE"
"1216","3004479342",2018-01-22 09:00:00,26,"FALSE"
"1217","3004479342",2018-01-22 10:00:00,26,"FALSE"
"1218","3004479342",2018-01-22 11:00:00,102,"FALSE"
"1219","3004479342",2018-01-22 12:00:00,112,"FALSE"
"1220","3004479342",2018-01-22 13:00:00,28,"FALSE"
"1221","3004479342",2018-01-22 14:00:00,8,"FALSE"
"1222","3004479342",2018-01-22 15:00:00,7,"FALSE"
"1223","3004479342",2018-01-22 16:00:00,0,"FALSE"
"1224","3004479342",2018-01-22 17:00:00,6,"FALSE"
"1225","3004479342",2018-01-22 18:00:00,14,"FALSE"
"1226","3004479342",2018-01-22 19:00:00,47,"FALSE"
"1227","3004479342",2018-01-22 20:00:00,88,"FALSE"
"1228","3004479342",2018-01-22 21:00:00,124,"FALSE"
"1229","3004479342",2018-01-22 22:00:00,152,"FALSE"
"1230","3004479342",2018-01-22 23:00:00,91,"FALSE"
"1231","3004479342",2018-01-23 00:00:00,15,"FALSE"
"1232","3004479342",2018-01-23 01:00:00,9,"FALSE"
"1233","3004479342",2018-01-23 02:00:00,10,"FALSE"
"1234","3004479342",2018-01-23 03:00:00,0,"FALSE"
"1235","3004479342",2018-01-23 04:00:00,0,"FALSE"
"1236","3004479342",2018-01-23 05:00:00,0,"FALSE"
"1237","3004479342",2018-01-23 06:00:00,53,"FALSE"
"1238","3004479342",2018-01-23 07:00:00,82,"FALSE"
"1239","3004479342",2018-01-23 08:00:00,43,"FALSE"
"1240","3004479342",2018-01-23 09:00:00,49,"FALSE"
"1241","3004479342",2018-01-23 10:00:00,37,"FALSE"
"1242","3004479342",2018-01-23 11:00:00,19,"FALSE"
"1243","3004479342",2018-01-23 12:00:00,21,"FALSE"
"1244","3004479342",2018-01-23 13:00:00,23,"FALSE"
"1245","3004479342",2018-01-23 14:00:00,31,"FALSE"
"1246","3004479342",2018-01-23 15:00:00,46,"FALSE"
"1247","3004479342",2018-01-23 16:00:00,36,"FALSE"
"1248","3004479342",2018-01-23 17:00:00,89,"FALSE"
"1249","3004479342",2018-01-23 18:00:00,139,"FALSE"
"1250","3004479342",2018-01-23 19:00:00,90,"FALSE"
"1251","3004479342",2018-01-23 20:00:00,154,"FALSE"
"1252","3004479342",2018-01-23 21:00:00,169,"FALSE"
"1253","3004479342",2018-01-23 22:00:00,66,"FALSE"
"1254","3004479342",2018-01-23 23:00:00,18,"FALSE"
"1255","3004479342",2018-01-24 00:00:00,0,"FALSE"
"1256","3004479342",2018-01-24 01:00:00,3,"FALSE"
"1257","3004479342",2018-01-24 02:00:00,5,"FALSE"
"1258","3004479342",2018-01-24 03:00:00,0,"FALSE"
"1259","3004479342",2018-01-24 04:00:00,1,"FALSE"
"1260","3004479342",2018-01-24 05:00:00,1,"FALSE"
"1261","3004479342",2018-01-24 06:00:00,50,"FALSE"
"1262","3004479342",2018-01-24 07:00:00,83,"FALSE"
"1263","3004479342",2018-01-24 08:00:00,39,"FALSE"
"1264","3004479342",2018-01-24 09:00:00,28,"FALSE"
"1265","3004479342",2018-01-24 10:00:00,35,"FALSE"
"1266","3004479342",2018-01-24 11:00:00,29,"FALSE"
"1267","3004479342",2018-01-24 12:00:00,62,"FALSE"
"1268","3004479342",2018-01-24 13:00:00,45,"FALSE"
"1269","3004479342",2018-01-24 14:00:00,3,"FALSE"
"1270","3004479342",2018-01-24 15:00:00,14,"FALSE"
"1271","3004479342",2018-01-24 16:00:00,29,"FALSE"
"1272","3004479342",2018-01-24 17:00:00,30,"FALSE"
"1273","3004479342",2018-01-24 18:00:00,30,"FALSE"
"1274","3004479342",2018-01-24 19:00:00,29,"FALSE"
"1275","3004479342",2018-01-24 20:00:00,33,"FALSE"
"1276","3004479342",2018-01-24 21:00:00,57,"FALSE"
"1277","3004479342",2018-01-24 22:00:00,126,"FALSE"
"1278","3004479342",2018-01-24 23:00:00,94,"FALSE"
"1279","3004479342",2018-01-25 00:00:00,11,"FALSE"
"1280","3004479342",2018-01-25 01:00:00,10,"FALSE"
"1281","3004479342",2018-01-25 02:00:00,10,"FALSE"
"1282","3004479342",2018-01-25 03:00:00,10,"FALSE"
"1283","3004479342",2018-01-25 04:00:00,6,"FALSE"
"1284","3004479342",2018-01-25 05:00:00,0,"FALSE"
"1285","3004479342",2018-01-25 06:00:00,50,"FALSE"
"1286","3004479342",2018-01-25 07:00:00,65,"FALSE"
"1287","3004479342",2018-01-25 08:00:00,39,"FALSE"
"1288","3004479342",2018-01-25 09:00:00,37,"FALSE"
"1289","3004479342",2018-01-25 10:00:00,34,"FALSE"
"1290","3004479342",2018-01-25 11:00:00,33,"FALSE"
"1291","3004479342",2018-01-25 12:00:00,21,"FALSE"
"1292","3004479342",2018-01-25 13:00:00,22,"FALSE"
"1293","3004479342",2018-01-25 14:00:00,13,"FALSE"
"1294","3004479342",2018-01-25 15:00:00,64,"FALSE"
"1295","3004479342",2018-01-25 16:00:00,89,"FALSE"
"1296","3004479342",2018-01-25 17:00:00,37,"FALSE"
"1297","3004479342",2018-01-25 18:00:00,30,"FALSE"
"1298","3004479342",2018-01-25 19:00:00,39,"FALSE"
"1299","3004479342",2018-01-25 20:00:00,24,"FALSE"
"1300","3004479342",2018-01-25 21:00:00,89,"FALSE"
"1301","3004479342",2018-01-25 22:00:00,96,"FALSE"
"1302","3004479342",2018-01-25 23:00:00,55,"FALSE"
"1303","3004479342",2018-01-26 00:00:00,53,"FALSE"
"1304","3004479342",2018-01-26 01:00:00,13,"FALSE"
"1305","3004479342",2018-01-26 02:00:00,6,"FALSE"
"1306","3004479342",2018-01-26 03:00:00,7,"FALSE"
"1307","3004479342",2018-01-26 04:00:00,10,"FALSE"
"1308","3004479342",2018-01-26 05:00:00,6,"FALSE"
"1309","3004479342",2018-01-26 06:00:00,62,"FALSE"
"1310","3004479342",2018-01-26 07:00:00,77,"FALSE"
"1311","3004479342",2018-01-26 08:00:00,20,"FALSE"
"1312","3004479342",2018-01-26 09:00:00,37,"FALSE"
"1313","3004479342",2018-01-26 10:00:00,41,"FALSE"
"1314","3004479342",2018-01-26 11:00:00,33,"FALSE"
"1315","3004479342",2018-01-26 12:00:00,81,"FALSE"
"1316","3004479342",2018-01-26 13:00:00,132,"FALSE"
"1317","3004479342",2018-01-26 14:00:00,97,"FALSE"
"1318","3004479342",2018-01-26 15:00:00,19,"FALSE"
"1319","3004479342",2018-01-26 16:00:00,2,"FALSE"
"1320","3004479342",2018-01-26 17:00:00,33,"FALSE"
"1321","3004479342",2018-01-26 18:00:00,43,"FALSE"
"1322","3004479342",2018-01-26 19:00:00,33,"FALSE"
"1323","3004479342",2018-01-26 20:00:00,25,"FALSE"
"1324","3004479342",2018-01-26 21:00:00,25,"FALSE"
"1325","3004479342",2018-01-26 22:00:00,82,"FALSE"
"1326","3004479342",2018-01-26 23:00:00,84,"FALSE"
"1327","3004479342",2018-01-27 00:00:00,35,"FALSE"
"1328","3004479342",2018-01-27 01:00:00,16,"FALSE"
"1329","3004479342",2018-01-27 02:00:00,16,"FALSE"
"1330","3004479342",2018-01-27 03:00:00,10,"FALSE"
"1331","3004479342",2018-01-27 04:00:00,1,"FALSE"
"1332","3004479342",2018-01-27 05:00:00,5,"FALSE"
"1333","3004479342",2018-01-27 06:00:00,9,"FALSE"
"1334","3004479342",2018-01-27 07:00:00,7,"FALSE"
"1335","3004479342",2018-01-27 08:00:00,71,"FALSE"
"1336","3004479342",2018-01-27 09:00:00,98,"FALSE"
"1337","3004479342",2018-01-27 10:00:00,101,"FALSE"
"1338","3004479342",2018-01-27 11:00:00,108,"FALSE"
"1339","3004479342",2018-01-27 12:00:00,94,"FALSE"
"1340","3004479342",2018-01-27 13:00:00,83,"FALSE"
"1341","3004479342",2018-01-27 14:00:00,73,"FALSE"
"1342","3004479342",2018-01-27 15:00:00,186,"FALSE"
"1343","3004479342",2018-01-27 16:00:00,151,"FALSE"
"1344","3004479342",2018-01-27 17:00:00,24,"FALSE"
"1345","3004479342",2018-01-27 18:00:00,33,"FALSE"
"1346","3004479342",2018-01-27 19:00:00,67,"FALSE"
"1347","3004479342",2018-01-27 20:00:00,61,"FALSE"
"1348","3004479342",2018-01-27 21:00:00,29,"FALSE"
"1349","3004479342",2018-01-27 22:00:00,12,"FALSE"
"1350","3004479342",2018-01-27 23:00:00,13,"FALSE"
"1351","3004479342",2018-01-28 00:00:00,17,"FALSE"
"1352","3004479342",2018-01-28 01:00:00,18,"FALSE"
"1353","3004479342",2018-01-28 02:00:00,17,"FALSE"
"1354","3004479342",2018-01-28 03:00:00,18,"FALSE"
"1355","3004479342",2018-01-28 04:00:00,9,"FALSE"
"1356","3004479342",2018-01-28 05:00:00,0,"FALSE"
"1357","3004479342",2018-01-28 06:00:00,5,"FALSE"
"1358","3004479342",2018-01-28 07:00:00,17,"FALSE"
"1359","3004479342",2018-01-28 08:00:00,20,"FALSE"
"1360","3004479342",2018-01-28 09:00:00,36,"FALSE"
"1361","3004479342",2018-01-28 10:00:00,51,"FALSE"
"1362","3004479342",2018-01-28 11:00:00,56,"FALSE"
"1363","3004479342",2018-01-28 12:00:00,53,"FALSE"
"1364","3004479342",2018-01-28 13:00:00,29,"FALSE"
"1365","3004479342",2018-01-28 14:00:00,14,"FALSE"
"1366","3004479342",2018-01-28 15:00:00,9,"FALSE"
"1367","3004479342",2018-01-28 16:00:00,19,"FALSE"
"1368","3004479342",2018-01-28 17:00:00,34,"FALSE"
"1369","3004479342",2018-01-28 18:00:00,24,"FALSE"
"1370","3004479342",2018-01-28 19:00:00,30,"FALSE"
"1371","3004479342",2018-01-28 20:00:00,32,"FALSE"
"1372","3004479342",2018-01-28 21:00:00,22,"FALSE"
"1373","3004479342",2018-01-28 22:00:00,17,"FALSE"
"1374","3004479342",2018-01-28 23:00:00,15,"FALSE"
"1375","3004479342",2018-01-29 00:00:00,16,"FALSE"
"1376","3004479342",2018-01-29 01:00:00,6,"FALSE"
"1377","3004479342",2018-01-29 02:00:00,6,"FALSE"
"1378","3004479342",2018-01-29 03:00:00,3,"FALSE"
"1379","3004479342",2018-01-29 04:00:00,0,"FALSE"
"1380","3004479342",2018-01-29 05:00:00,7,"FALSE"
"1381","3004479342",2018-01-29 06:00:00,48,"FALSE"
"1382","3004479342",2018-01-29 07:00:00,62,"FALSE"
"1383","3004479342",2018-01-29 08:00:00,35,"FALSE"
"1384","3004479342",2018-01-29 09:00:00,36,"FALSE"
"1385","3004479342",2018-01-29 10:00:00,16,"FALSE"
"1386","3004479342",2018-01-29 11:00:00,6,"FALSE"
"1387","3004479342",2018-01-29 12:00:00,9,"FALSE"
"1388","3004479342",2018-01-29 13:00:00,99,"FALSE"
"1389","3004479342",2018-01-29 14:00:00,126,"FALSE"
"1390","3004479342",2018-01-29 15:00:00,32,"FALSE"
"1391","3004479342",2018-01-29 16:00:00,12,"FALSE"
"1392","3004479342",2018-01-29 17:00:00,32,"FALSE"
"1393","3004479342",2018-01-29 18:00:00,35,"FALSE"
"1394","3004479342",2018-01-29 19:00:00,22,"FALSE"
"1395","3004479342",2018-01-29 20:00:00,85,"FALSE"
"1396","3004479342",2018-01-29 21:00:00,103,"FALSE"
"1397","3004479342",2018-01-29 22:00:00,54,"FALSE"
"1398","3004479342",2018-01-30 01:00:00,5,"FALSE"
"1399","3004479342",2018-01-29 23:00:00,37,"FALSE"
"1400","3004479342",2018-01-30 00:00:00,15,"FALSE"
"1401","3004479342",2018-01-30 02:00:00,0,"FALSE"
"1402","3004479342",2018-01-30 05:00:00,1,"FALSE"
"1403","3004479342",2018-01-30 06:00:00,15,"FALSE"
"1404","3004479342",2018-01-30 04:00:00,4,"FALSE"
"1405","3004479342",2018-01-30 03:00:00,4,"FALSE"
