"","Date","block","LeakVolume"
"1",2017-11-03,"PG_B1",216
"2",2017-11-03,"PG_B2",696
"3",2017-11-03,"PG_B3",0
"4",2017-11-03,"PG_B4",0
"5",2017-11-03,"PG_B5",0
"6",2017-11-04,"PG_B1",216
"7",2017-11-04,"PG_B2",696
"8",2017-11-04,"PG_B3",0
"9",2017-11-04,"PG_B4",0
"10",2017-11-04,"PG_B5",0
"11",2017-11-05,"PG_B1",312
"12",2017-11-05,"PG_B2",864
"13",2017-11-05,"PG_B3",0
"14",2017-11-05,"PG_B4",0
"15",2017-11-05,"PG_B5",0
"16",2017-11-06,"PG_B1",336
"17",2017-11-06,"PG_B2",744
"18",2017-11-06,"PG_B3",0
"19",2017-11-06,"PG_B4",0
"20",2017-11-06,"PG_B5",48
"21",2017-11-07,"PG_B1",528
"22",2017-11-07,"PG_B2",840
"23",2017-11-07,"PG_B3",0
"24",2017-11-07,"PG_B4",0
"25",2017-11-07,"PG_B5",48
"26",2017-11-08,"PG_B1",720
"27",2017-11-08,"PG_B2",696
"28",2017-11-08,"PG_B3",0
"29",2017-11-08,"PG_B4",0
"30",2017-11-08,"PG_B5",2448
"31",2017-11-09,"PG_B1",552
"32",2017-11-09,"PG_B2",672
"33",2017-11-09,"PG_B3",48
"34",2017-11-09,"PG_B4",0
"35",2017-11-09,"PG_B5",120
"36",2017-11-10,"PG_B1",504
"37",2017-11-10,"PG_B2",696
"38",2017-11-10,"PG_B3",0
"39",2017-11-10,"PG_B4",0
"40",2017-11-10,"PG_B5",24
"41",2017-11-11,"PG_B1",672
"42",2017-11-11,"PG_B2",744
"43",2017-11-11,"PG_B3",0
"44",2017-11-11,"PG_B4",0
"45",2017-11-11,"PG_B5",0
"46",2017-11-12,"PG_B1",696
"47",2017-11-12,"PG_B2",672
"48",2017-11-12,"PG_B3",0
"49",2017-11-12,"PG_B4",0
"50",2017-11-12,"PG_B5",24
"51",2017-11-13,"PG_B1",744
"52",2017-11-13,"PG_B2",744
"53",2017-11-13,"PG_B3",192
"54",2017-11-13,"PG_B4",0
"55",2017-11-13,"PG_B5",0
"56",2017-11-14,"PG_B1",672
"57",2017-11-14,"PG_B2",576
"58",2017-11-14,"PG_B3",408
"59",2017-11-14,"PG_B4",0
"60",2017-11-14,"PG_B5",120
"61",2017-11-15,"PG_B1",816
"62",2017-11-15,"PG_B2",504
"63",2017-11-15,"PG_B3",408
"64",2017-11-15,"PG_B4",0
"65",2017-11-15,"PG_B5",24
"66",2017-11-16,"PG_B1",624
"67",2017-11-16,"PG_B2",552
"68",2017-11-16,"PG_B3",0
"69",2017-11-16,"PG_B4",24
"70",2017-11-16,"PG_B5",0
"71",2017-11-17,"PG_B1",192
"72",2017-11-17,"PG_B2",528
"73",2017-11-17,"PG_B3",0
"74",2017-11-17,"PG_B4",0
"75",2017-11-17,"PG_B5",264
"76",2017-11-18,"PG_B1",192
"77",2017-11-18,"PG_B2",600
"78",2017-11-18,"PG_B3",0
"79",2017-11-18,"PG_B4",0
"80",2017-11-18,"PG_B5",192
"81",2017-11-19,"PG_B1",216
"82",2017-11-19,"PG_B2",600
"83",2017-11-19,"PG_B3",0
"84",2017-11-19,"PG_B4",0
"85",2017-11-19,"PG_B5",192
"86",2017-11-20,"PG_B1",312
"87",2017-11-20,"PG_B2",528
"88",2017-11-20,"PG_B3",0
"89",2017-11-20,"PG_B4",432
"90",2017-11-20,"PG_B5",192
"91",2017-11-22,"PG_B1",96
"92",2017-11-22,"PG_B2",48
"93",2017-11-22,"PG_B3",0
"94",2017-11-22,"PG_B4",0
"95",2017-11-22,"PG_B5",168
"96",2017-11-23,"PG_B1",24
"97",2017-11-23,"PG_B2",2376
"98",2017-11-23,"PG_B3",0
"99",2017-11-23,"PG_B4",0
"100",2017-11-23,"PG_B5",192
"101",2017-11-24,"PG_B1",48
"102",2017-11-24,"PG_B2",2376
"103",2017-11-24,"PG_B3",0
"104",2017-11-24,"PG_B4",0
"105",2017-11-24,"PG_B5",192
"106",2017-11-25,"PG_B1",48
"107",2017-11-25,"PG_B2",2376
"108",2017-11-25,"PG_B3",0
"109",2017-11-25,"PG_B4",0
"110",2017-11-25,"PG_B5",144
"111",2017-11-26,"PG_B1",120
"112",2017-11-26,"PG_B2",72
"113",2017-11-26,"PG_B3",0
"114",2017-11-26,"PG_B4",0
"115",2017-11-26,"PG_B5",168
"116",2017-11-27,"PG_B1",216
"117",2017-11-27,"PG_B2",48
"118",2017-11-27,"PG_B3",0
"119",2017-11-27,"PG_B4",0
"120",2017-11-27,"PG_B5",144
"121",2017-11-28,"PG_B1",192
"122",2017-11-28,"PG_B2",72
"123",2017-11-28,"PG_B3",0
"124",2017-11-28,"PG_B4",0
"125",2017-11-28,"PG_B5",168
"126",2017-11-29,"PG_B1",120
"127",2017-11-29,"PG_B2",72
"128",2017-11-29,"PG_B3",0
"129",2017-11-29,"PG_B4",0
"130",2017-11-29,"PG_B5",264
"131",2017-11-30,"PG_B1",72
"132",2017-11-30,"PG_B2",96
"133",2017-11-30,"PG_B3",24
"134",2017-11-30,"PG_B4",0
"135",2017-11-30,"PG_B5",144
"136",2017-12-01,"PG_B1",96
"137",2017-12-01,"PG_B2",120
"138",2017-12-01,"PG_B3",0
"139",2017-12-01,"PG_B4",0
"140",2017-12-01,"PG_B5",240
"141",2017-12-02,"PG_B1",48
"142",2017-12-02,"PG_B2",192
"143",2017-12-02,"PG_B3",120
"144",2017-12-02,"PG_B4",0
"145",2017-12-02,"PG_B5",168
"146",2017-12-03,"PG_B1",240
"147",2017-12-03,"PG_B2",192
"148",2017-12-03,"PG_B3",0
"149",2017-12-03,"PG_B4",0
"150",2017-12-03,"PG_B5",120
"151",2017-12-04,"PG_B1",240
"152",2017-12-04,"PG_B2",4128
"153",2017-12-04,"PG_B3",0
"154",2017-12-04,"PG_B4",0
"155",2017-12-04,"PG_B5",240
"156",2017-12-05,"PG_B1",168
"157",2017-12-05,"PG_B2",48
"158",2017-12-05,"PG_B3",0
"159",2017-12-05,"PG_B4",0
"160",2017-12-05,"PG_B5",120
"161",2017-12-06,"PG_B1",168
"162",2017-12-06,"PG_B2",72
"163",2017-12-06,"PG_B3",0
"164",2017-12-06,"PG_B4",0
"165",2017-12-06,"PG_B5",120
"166",2017-12-07,"PG_B1",120
"167",2017-12-07,"PG_B2",72
"168",2017-12-07,"PG_B3",0
"169",2017-12-07,"PG_B4",0
"170",2017-12-07,"PG_B5",24
"171",2017-12-08,"PG_B1",120
"172",2017-12-08,"PG_B2",48
"173",2017-12-08,"PG_B3",0
"174",2017-12-08,"PG_B4",0
"175",2017-12-08,"PG_B5",0
"176",2017-12-09,"PG_B1",120
"177",2017-12-09,"PG_B2",48
"178",2017-12-09,"PG_B3",0
"179",2017-12-09,"PG_B4",0
"180",2017-12-09,"PG_B5",0
"181",2017-12-10,"PG_B1",120
"182",2017-12-10,"PG_B2",96
"183",2017-12-10,"PG_B3",0
"184",2017-12-10,"PG_B4",0
"185",2017-12-10,"PG_B5",24
"186",2017-12-11,"PG_B1",120
"187",2017-12-11,"PG_B2",120
"188",2017-12-11,"PG_B3",0
"189",2017-12-11,"PG_B4",0
"190",2017-12-11,"PG_B5",24
"191",2017-12-12,"PG_B1",96
"192",2017-12-12,"PG_B2",120
"193",2017-12-12,"PG_B3",168
"194",2017-12-12,"PG_B4",0
"195",2017-12-12,"PG_B5",0
"196",2017-12-13,"PG_B1",120
"197",2017-12-13,"PG_B2",96
"198",2017-12-13,"PG_B3",168
"199",2017-12-13,"PG_B4",0
"200",2017-12-13,"PG_B5",0
"201",2017-12-14,"PG_B1",96
"202",2017-12-14,"PG_B2",96
"203",2017-12-14,"PG_B3",0
"204",2017-12-14,"PG_B4",0
"205",2017-12-14,"PG_B5",48
"206",2017-12-15,"PG_B1",48
"207",2017-12-15,"PG_B2",96
"208",2017-12-15,"PG_B3",24
"209",2017-12-15,"PG_B4",0
"210",2017-12-15,"PG_B5",0
"211",2017-12-16,"PG_B1",24
"212",2017-12-16,"PG_B2",96
"213",2017-12-16,"PG_B3",0
"214",2017-12-16,"PG_B4",0
"215",2017-12-16,"PG_B5",120
"216",2017-12-17,"PG_B1",24
"217",2017-12-17,"PG_B2",0
"218",2017-12-17,"PG_B3",0
"219",2017-12-17,"PG_B4",0
"220",2017-12-17,"PG_B5",120
"221",2017-12-18,"PG_B1",120
"222",2017-12-18,"PG_B2",96
"223",2017-12-18,"PG_B3",0
"224",2017-12-18,"PG_B4",0
"225",2017-12-18,"PG_B5",24
"226",2017-12-19,"PG_B1",48
"227",2017-12-19,"PG_B2",480
"228",2017-12-19,"PG_B3",0
"229",2017-12-19,"PG_B4",0
"230",2017-12-19,"PG_B5",0
"231",2017-12-20,"PG_B1",0
"232",2017-12-20,"PG_B2",336
"233",2017-12-20,"PG_B3",0
"234",2017-12-20,"PG_B4",0
"235",2017-12-20,"PG_B5",0
"236",2017-12-21,"PG_B1",24
"237",2017-12-21,"PG_B2",312
"238",2017-12-21,"PG_B3",24
"239",2017-12-21,"PG_B4",0
"240",2017-12-21,"PG_B5",120
"241",2017-12-22,"PG_B1",48
"242",2017-12-22,"PG_B2",432
"243",2017-12-22,"PG_B3",0
"244",2017-12-22,"PG_B4",0
"245",2017-12-22,"PG_B5",96
"246",2017-12-23,"PG_B1",0
"247",2017-12-23,"PG_B2",432
"248",2017-12-23,"PG_B3",0
"249",2017-12-23,"PG_B4",0
"250",2017-12-23,"PG_B5",72
"251",2017-12-24,"PG_B1",0
"252",2017-12-24,"PG_B2",600
"253",2017-12-24,"PG_B3",0
"254",2017-12-24,"PG_B4",0
"255",2017-12-24,"PG_B5",24
"256",2017-12-25,"PG_B1",0
"257",2017-12-25,"PG_B2",408
"258",2017-12-25,"PG_B3",0
"259",2017-12-25,"PG_B4",0
"260",2017-12-25,"PG_B5",48
"261",2017-12-26,"PG_B1",144
"262",2017-12-26,"PG_B2",312
"263",2017-12-26,"PG_B3",24
"264",2017-12-26,"PG_B4",0
"265",2017-12-26,"PG_B5",0
"266",2017-12-27,"PG_B1",0
"267",2017-12-27,"PG_B2",144
"268",2017-12-27,"PG_B3",0
"269",2017-12-27,"PG_B4",0
"270",2017-12-27,"PG_B5",0
"271",2017-12-28,"PG_B1",0
"272",2017-12-28,"PG_B2",528
"273",2017-12-28,"PG_B3",0
"274",2017-12-28,"PG_B4",0
"275",2017-12-28,"PG_B5",0
"276",2017-12-29,"PG_B1",96
"277",2017-12-29,"PG_B2",408
"278",2017-12-29,"PG_B3",0
"279",2017-12-29,"PG_B4",0
"280",2017-12-29,"PG_B5",120
"281",2017-12-30,"PG_B1",96
"282",2017-12-30,"PG_B2",336
"283",2017-12-30,"PG_B3",0
"284",2017-12-30,"PG_B4",24
"285",2017-12-30,"PG_B5",144
"286",2017-12-31,"PG_B1",48
"287",2017-12-31,"PG_B2",144
"288",2017-12-31,"PG_B3",24
"289",2017-12-31,"PG_B4",120
"290",2017-12-31,"PG_B5",48
"291",2018-01-01,"PG_B1",48
"292",2018-01-01,"PG_B2",144
"293",2018-01-01,"PG_B3",0
"294",2018-01-01,"PG_B4",0
"295",2018-01-01,"PG_B5",0
"296",2018-01-02,"PG_B1",48
"297",2018-01-02,"PG_B2",144
"298",2018-01-02,"PG_B3",24
"299",2018-01-02,"PG_B4",168
"300",2018-01-02,"PG_B5",0
"301",2018-01-03,"PG_B1",48
"302",2018-01-03,"PG_B2",264
"303",2018-01-03,"PG_B3",0
"304",2018-01-03,"PG_B4",0
"305",2018-01-03,"PG_B5",96
"306",2018-01-04,"PG_B1",0
"307",2018-01-04,"PG_B2",216
"308",2018-01-04,"PG_B3",0
"309",2018-01-04,"PG_B4",264
"310",2018-01-04,"PG_B5",0
"311",2018-01-05,"PG_B1",24
"312",2018-01-05,"PG_B2",144
"313",2018-01-05,"PG_B3",0
"314",2018-01-05,"PG_B4",288
"315",2018-01-05,"PG_B5",0
"316",2018-01-06,"PG_B1",0
"317",2018-01-06,"PG_B2",240
"318",2018-01-06,"PG_B3",24
"319",2018-01-06,"PG_B4",312
"320",2018-01-06,"PG_B5",0
"321",2018-01-07,"PG_B1",0
"322",2018-01-07,"PG_B2",264
"323",2018-01-07,"PG_B3",48
"324",2018-01-07,"PG_B4",0
"325",2018-01-07,"PG_B5",0
"326",2018-01-08,"PG_B1",288
"327",2018-01-08,"PG_B2",432
"328",2018-01-08,"PG_B3",24
"329",2018-01-08,"PG_B4",0
"330",2018-01-08,"PG_B5",0
"331",2018-01-09,"PG_B1",168
"332",2018-01-09,"PG_B2",360
"333",2018-01-09,"PG_B3",24
"334",2018-01-09,"PG_B4",0
"335",2018-01-09,"PG_B5",0
"336",2018-01-10,"PG_B1",336
"337",2018-01-10,"PG_B2",336
"338",2018-01-10,"PG_B3",24
"339",2018-01-10,"PG_B4",0
"340",2018-01-10,"PG_B5",0
"341",2018-01-11,"PG_B1",120
"342",2018-01-11,"PG_B2",360
"343",2018-01-11,"PG_B3",0
"344",2018-01-11,"PG_B4",0
"345",2018-01-11,"PG_B5",0
"346",2018-01-12,"PG_B1",120
"347",2018-01-12,"PG_B2",240
"348",2018-01-12,"PG_B3",24
"349",2018-01-12,"PG_B4",0
"350",2018-01-12,"PG_B5",24
"351",2018-01-13,"PG_B1",24
"352",2018-01-13,"PG_B2",312
"353",2018-01-13,"PG_B3",72
"354",2018-01-13,"PG_B4",0
"355",2018-01-13,"PG_B5",0
"356",2018-01-14,"PG_B1",72
"357",2018-01-14,"PG_B2",144
"358",2018-01-14,"PG_B3",24
"359",2018-01-14,"PG_B4",0
"360",2018-01-14,"PG_B5",0
"361",2018-01-15,"PG_B1",24
"362",2018-01-15,"PG_B2",264
"363",2018-01-15,"PG_B3",24
"364",2018-01-15,"PG_B4",0
"365",2018-01-15,"PG_B5",24
"366",2018-01-16,"PG_B1",0
"367",2018-01-16,"PG_B2",624
"368",2018-01-16,"PG_B3",24
"369",2018-01-16,"PG_B4",0
"370",2018-01-16,"PG_B5",0
"371",2018-01-17,"PG_B1",24
"372",2018-01-17,"PG_B2",552
"373",2018-01-17,"PG_B3",24
"374",2018-01-17,"PG_B4",0
"375",2018-01-17,"PG_B5",0
"376",2018-01-18,"PG_B1",72
"377",2018-01-18,"PG_B2",384
"378",2018-01-18,"PG_B3",0
"379",2018-01-18,"PG_B4",24
"380",2018-01-18,"PG_B5",48
"381",2018-01-19,"PG_B1",48
"382",2018-01-19,"PG_B2",528
"383",2018-01-19,"PG_B3",24
"384",2018-01-19,"PG_B4",0
"385",2018-01-19,"PG_B5",24
"386",2018-01-20,"PG_B1",48
"387",2018-01-20,"PG_B2",192
"388",2018-01-20,"PG_B3",24
"389",2018-01-20,"PG_B4",0
"390",2018-01-20,"PG_B5",24
"391",2018-01-21,"PG_B1",0
"392",2018-01-21,"PG_B2",600
"393",2018-01-21,"PG_B3",0
"394",2018-01-21,"PG_B4",0
"395",2018-01-21,"PG_B5",120
"396",2018-01-22,"PG_B1",0
"397",2018-01-22,"PG_B2",216
"398",2018-01-22,"PG_B3",0
"399",2018-01-22,"PG_B4",0
"400",2018-01-22,"PG_B5",0
"401",2018-01-23,"PG_B1",192
"402",2018-01-23,"PG_B2",672
"403",2018-01-23,"PG_B3",0
"404",2018-01-23,"PG_B4",0
"405",2018-01-23,"PG_B5",0
"406",2018-01-24,"PG_B1",144
"407",2018-01-24,"PG_B2",720
"408",2018-01-24,"PG_B3",24
"409",2018-01-24,"PG_B4",0
"410",2018-01-24,"PG_B5",24
"411",2018-01-25,"PG_B1",48
"412",2018-01-25,"PG_B2",384
"413",2018-01-25,"PG_B3",24
"414",2018-01-25,"PG_B4",0
"415",2018-01-25,"PG_B5",24
"416",2018-01-26,"PG_B1",0
"417",2018-01-26,"PG_B2",480
"418",2018-01-26,"PG_B3",0
"419",2018-01-26,"PG_B4",0
"420",2018-01-26,"PG_B5",24
"421",2018-01-27,"PG_B1",24
"422",2018-01-27,"PG_B2",576
"423",2018-01-27,"PG_B3",0
"424",2018-01-27,"PG_B4",0
"425",2018-01-27,"PG_B5",24
"426",2018-01-28,"PG_B1",72
"427",2018-01-28,"PG_B2",504
"428",2018-01-28,"PG_B3",24
"429",2018-01-28,"PG_B4",0
"430",2018-01-28,"PG_B5",96
"431",2018-01-29,"PG_B1",144
"432",2018-01-29,"PG_B2",288
"433",2018-01-29,"PG_B3",0
"434",2018-01-29,"PG_B4",0
"435",2018-01-29,"PG_B5",0
"436",2018-01-30,"PG_B1",288
"437",2018-01-30,"PG_B2",312
"438",2018-01-30,"PG_B3",0
"439",2018-01-30,"PG_B4",0
"440",2018-01-30,"PG_B5",24
"441",2018-01-31,"PG_B1",312
"442",2018-01-31,"PG_B2",480
"443",2018-01-31,"PG_B3",0
"444",2018-01-31,"PG_B4",0
"445",2018-01-31,"PG_B5",0
"446",2018-02-01,"PG_B1",384
"447",2018-02-01,"PG_B2",408
"448",2018-02-01,"PG_B3",24
"449",2018-02-01,"PG_B4",0
"450",2018-02-01,"PG_B5",24
"451",2018-02-02,"PG_B1",1080
"452",2018-02-02,"PG_B2",576
"453",2018-02-02,"PG_B3",24
"454",2018-02-02,"PG_B4",0
"455",2018-02-02,"PG_B5",0
"456",2018-02-03,"PG_B1",888
"457",2018-02-03,"PG_B2",648
"458",2018-02-03,"PG_B3",24
"459",2018-02-03,"PG_B4",0
"460",2018-02-03,"PG_B5",24
"461",2018-02-04,"PG_B1",672
"462",2018-02-04,"PG_B2",840
"463",2018-02-04,"PG_B3",0
"464",2018-02-04,"PG_B4",0
"465",2018-02-04,"PG_B5",0
"466",2018-02-05,"PG_B1",552
"467",2018-02-05,"PG_B2",1488
"468",2018-02-05,"PG_B3",0
"469",2018-02-05,"PG_B4",0
"470",2018-02-05,"PG_B5",24
"471",2018-02-06,"PG_B1",528
"472",2018-02-06,"PG_B2",1464
"473",2018-02-06,"PG_B3",0
"474",2018-02-06,"PG_B4",0
"475",2018-02-06,"PG_B5",0
"476",2018-02-07,"PG_B1",24
"477",2018-02-07,"PG_B2",1416
"478",2018-02-07,"PG_B3",0
"479",2018-02-07,"PG_B4",0
"480",2018-02-07,"PG_B5",0
"481",2018-02-08,"PG_B1",24
"482",2018-02-08,"PG_B2",1296
"483",2018-02-08,"PG_B3",0
"484",2018-02-08,"PG_B4",0
"485",2018-02-08,"PG_B5",120
"486",2018-02-09,"PG_B1",0
"487",2018-02-09,"PG_B2",1344
"488",2018-02-09,"PG_B3",0
"489",2018-02-09,"PG_B4",0
"490",2018-02-09,"PG_B5",48
"491",2018-02-10,"PG_B1",0
"492",2018-02-10,"PG_B2",1152
"493",2018-02-10,"PG_B3",0
"494",2018-02-10,"PG_B4",0
"495",2018-02-10,"PG_B5",0
"496",2018-02-11,"PG_B1",24
"497",2018-02-11,"PG_B2",1320
"498",2018-02-11,"PG_B3",0
"499",2018-02-11,"PG_B4",0
"500",2018-02-11,"PG_B5",168
"501",2018-02-12,"PG_B1",120
"502",2018-02-12,"PG_B2",1320
"503",2018-02-12,"PG_B3",24
"504",2018-02-12,"PG_B4",0
"505",2018-02-12,"PG_B5",48
"506",2018-02-13,"PG_B1",120
"507",2018-02-13,"PG_B2",1104
"508",2018-02-13,"PG_B3",0
"509",2018-02-13,"PG_B4",0
"510",2018-02-13,"PG_B5",24
"511",2018-02-14,"PG_B1",144
"512",2018-02-14,"PG_B2",1176
"513",2018-02-14,"PG_B3",144
"514",2018-02-14,"PG_B4",0
"515",2018-02-14,"PG_B5",0
"516",2018-02-15,"PG_B1",144
"517",2018-02-15,"PG_B2",1200
"518",2018-02-15,"PG_B3",24
"519",2018-02-15,"PG_B4",0
"520",2018-02-15,"PG_B5",0
"521",2018-02-16,"PG_B1",168
"522",2018-02-16,"PG_B2",1008
"523",2018-02-16,"PG_B3",0
"524",2018-02-16,"PG_B4",0
"525",2018-02-16,"PG_B5",0
"526",2018-02-17,"PG_B1",0
"527",2018-02-17,"PG_B2",984
"528",2018-02-17,"PG_B3",96
"529",2018-02-17,"PG_B4",0
"530",2018-02-17,"PG_B5",144
"531",2018-02-18,"PG_B1",24
"532",2018-02-18,"PG_B2",1344
"533",2018-02-18,"PG_B3",0
"534",2018-02-18,"PG_B4",24
"535",2018-02-18,"PG_B5",144
"536",2018-02-19,"PG_B1",24
"537",2018-02-19,"PG_B2",864
"538",2018-02-19,"PG_B3",0
"539",2018-02-19,"PG_B4",0
"540",2018-02-19,"PG_B5",0
"541",2018-02-20,"PG_B1",24
"542",2018-02-20,"PG_B2",744
"543",2018-02-20,"PG_B3",96
"544",2018-02-20,"PG_B4",0
"545",2018-02-20,"PG_B5",0
"546",2018-02-21,"PG_B1",24
"547",2018-02-21,"PG_B2",864
"548",2018-02-21,"PG_B3",0
"549",2018-02-21,"PG_B4",0
"550",2018-02-21,"PG_B5",0
"551",2018-02-22,"PG_B1",24
"552",2018-02-22,"PG_B2",864
"553",2018-02-22,"PG_B3",0
"554",2018-02-22,"PG_B4",0
"555",2018-02-22,"PG_B5",0
"556",2018-02-23,"PG_B1",24
"557",2018-02-23,"PG_B2",120
"558",2018-02-23,"PG_B3",0
"559",2018-02-23,"PG_B4",0
"560",2018-02-23,"PG_B5",48
"561",2018-02-24,"PG_B1",48
"562",2018-02-24,"PG_B2",168
"563",2018-02-24,"PG_B3",0
"564",2018-02-24,"PG_B4",0
"565",2018-02-24,"PG_B5",192
"566",2018-02-25,"PG_B1",0
"567",2018-02-25,"PG_B2",0
"568",2018-02-25,"PG_B3",24
"569",2018-02-25,"PG_B4",0
"570",2018-02-25,"PG_B5",144
"571",2018-02-26,"PG_B1",0
"572",2018-02-26,"PG_B2",120
"573",2018-02-26,"PG_B3",0
"574",2018-02-26,"PG_B4",0
"575",2018-02-26,"PG_B5",0
"576",2018-02-27,"PG_B1",0
"577",2018-02-27,"PG_B2",120
"578",2018-02-27,"PG_B3",0
"579",2018-02-27,"PG_B4",0
"580",2018-02-27,"PG_B5",0
"581",2018-02-28,"PG_B1",24
"582",2018-02-28,"PG_B2",96
"583",2018-02-28,"PG_B3",96
"584",2018-02-28,"PG_B4",0
"585",2018-02-28,"PG_B5",0
"586",2018-03-01,"PG_B1",24
"587",2018-03-01,"PG_B2",48
"588",2018-03-01,"PG_B3",96
"589",2018-03-01,"PG_B4",0
"590",2018-03-01,"PG_B5",0
"591",2018-03-02,"PG_B1",0
"592",2018-03-02,"PG_B2",96
"593",2018-03-02,"PG_B3",24
"594",2018-03-02,"PG_B4",0
"595",2018-03-02,"PG_B5",0
"596",2018-03-03,"PG_B1",0
"597",2018-03-03,"PG_B2",120
"598",2018-03-03,"PG_B3",24
"599",2018-03-03,"PG_B4",0
"600",2018-03-03,"PG_B5",144
"601",2018-03-04,"PG_B1",0
"602",2018-03-04,"PG_B2",24
"603",2018-03-04,"PG_B3",24
"604",2018-03-04,"PG_B4",0
"605",2018-03-04,"PG_B5",24
"606",2018-03-05,"PG_B1",0
"607",2018-03-05,"PG_B2",0
"608",2018-03-05,"PG_B3",0
"609",2018-03-05,"PG_B4",0
"610",2018-03-05,"PG_B5",24
"611",2018-03-06,"PG_B1",0
"612",2018-03-06,"PG_B2",168
"613",2018-03-06,"PG_B3",0
"614",2018-03-06,"PG_B4",0
"615",2018-03-06,"PG_B5",24
"616",2018-03-07,"PG_B1",0
"617",2018-03-07,"PG_B2",96
"618",2018-03-07,"PG_B3",24
"619",2018-03-07,"PG_B4",0
"620",2018-03-07,"PG_B5",48
"621",2018-03-08,"PG_B1",0
"622",2018-03-08,"PG_B2",240
"623",2018-03-08,"PG_B3",0
"624",2018-03-08,"PG_B4",0
"625",2018-03-08,"PG_B5",0
"626",2018-03-09,"PG_B1",0
"627",2018-03-09,"PG_B2",120
"628",2018-03-09,"PG_B3",144
"629",2018-03-09,"PG_B4",0
"630",2018-03-09,"PG_B5",24
"631",2018-03-10,"PG_B1",0
"632",2018-03-10,"PG_B2",168
"633",2018-03-10,"PG_B3",24
"634",2018-03-10,"PG_B4",0
"635",2018-03-10,"PG_B5",0
"636",2018-03-11,"PG_B1",0
"637",2018-03-11,"PG_B2",264
"638",2018-03-11,"PG_B3",0
"639",2018-03-11,"PG_B4",0
"640",2018-03-11,"PG_B5",144
"641",2018-03-12,"PG_B1",0
"642",2018-03-12,"PG_B2",96
"643",2018-03-12,"PG_B3",120
"644",2018-03-12,"PG_B4",0
"645",2018-03-12,"PG_B5",0
"646",2018-03-13,"PG_B1",0
"647",2018-03-13,"PG_B2",0
"648",2018-03-13,"PG_B3",0
"649",2018-03-13,"PG_B4",0
"650",2018-03-13,"PG_B5",0
"651",2018-03-14,"PG_B1",0
"652",2018-03-14,"PG_B2",0
"653",2018-03-14,"PG_B3",0
"654",2018-03-14,"PG_B4",0
"655",2018-03-14,"PG_B5",120
"656",2018-03-15,"PG_B1",0
"657",2018-03-15,"PG_B2",0
"658",2018-03-15,"PG_B3",0
"659",2018-03-15,"PG_B4",0
"660",2018-03-15,"PG_B5",24
"661",2018-03-16,"PG_B1",0
"662",2018-03-16,"PG_B2",0
"663",2018-03-16,"PG_B3",0
"664",2018-03-16,"PG_B4",0
"665",2018-03-16,"PG_B5",0
"666",2018-03-17,"PG_B1",0
"667",2018-03-17,"PG_B2",96
"668",2018-03-17,"PG_B3",0
"669",2018-03-17,"PG_B4",0
"670",2018-03-17,"PG_B5",24
"671",2018-03-18,"PG_B1",0
"672",2018-03-18,"PG_B2",0
"673",2018-03-18,"PG_B3",96
"674",2018-03-18,"PG_B4",0
"675",2018-03-18,"PG_B5",48
"676",2018-03-19,"PG_B1",0
"677",2018-03-19,"PG_B2",0
"678",2018-03-19,"PG_B3",120
"679",2018-03-19,"PG_B4",0
"680",2018-03-19,"PG_B5",0
"681",2018-03-20,"PG_B1",0
"682",2018-03-20,"PG_B2",144
"683",2018-03-20,"PG_B3",96
"684",2018-03-20,"PG_B4",0
"685",2018-03-20,"PG_B5",0
"686",2018-03-21,"PG_B1",0
"687",2018-03-21,"PG_B2",24
"688",2018-03-21,"PG_B3",144
"689",2018-03-21,"PG_B4",0
"690",2018-03-21,"PG_B5",24
"691",2018-03-22,"PG_B1",0
"692",2018-03-22,"PG_B2",96
"693",2018-03-22,"PG_B3",96
"694",2018-03-22,"PG_B4",0
"695",2018-03-22,"PG_B5",168
"696",2018-03-23,"PG_B1",0
"697",2018-03-23,"PG_B2",48
"698",2018-03-23,"PG_B3",96
"699",2018-03-23,"PG_B4",0
"700",2018-03-23,"PG_B5",24
"701",2018-03-24,"PG_B1",0
"702",2018-03-24,"PG_B2",48
"703",2018-03-24,"PG_B3",120
"704",2018-03-24,"PG_B4",0
"705",2018-03-24,"PG_B5",144
"706",2018-03-25,"PG_B1",0
"707",2018-03-25,"PG_B2",48
"708",2018-03-25,"PG_B3",96
"709",2018-03-25,"PG_B4",0
"710",2018-03-25,"PG_B5",0
"711",2018-03-26,"PG_B1",0
"712",2018-03-26,"PG_B2",0
"713",2018-03-26,"PG_B3",96
"714",2018-03-26,"PG_B4",0
"715",2018-03-26,"PG_B5",0
"716",2018-03-27,"PG_B1",0
"717",2018-03-27,"PG_B2",0
"718",2018-03-27,"PG_B3",0
"719",2018-03-27,"PG_B4",0
"720",2018-03-27,"PG_B5",0
"721",2018-03-28,"PG_B1",0
"722",2018-03-28,"PG_B2",0
"723",2018-03-28,"PG_B3",0
"724",2018-03-28,"PG_B4",0
"725",2018-03-29,"PG_B1",0
"726",2018-03-29,"PG_B2",0
"727",2018-03-29,"PG_B3",72
"728",2018-03-29,"PG_B4",0
"729",2018-03-29,"PG_B5",24
"730",2018-03-30,"PG_B1",0
"731",2018-03-30,"PG_B2",24
"732",2018-03-30,"PG_B3",0
"733",2018-03-30,"PG_B4",0
"734",2018-03-30,"PG_B5",48
"735",2018-03-31,"PG_B1",0
"736",2018-03-31,"PG_B2",120
"737",2018-03-31,"PG_B3",0
"738",2018-03-31,"PG_B4",0
"739",2018-03-31,"PG_B5",24
"740",2018-04-01,"PG_B1",0
"741",2018-04-01,"PG_B2",120
"742",2018-04-01,"PG_B3",48
"743",2018-04-01,"PG_B4",0
"744",2018-04-01,"PG_B5",24
"745",2018-04-02,"PG_B1",0
"746",2018-04-02,"PG_B2",288
"747",2018-04-02,"PG_B3",24
"748",2018-04-02,"PG_B4",0
"749",2018-04-02,"PG_B5",24
"750",2018-04-03,"PG_B1",0
"751",2018-04-03,"PG_B2",384
"752",2018-04-03,"PG_B3",24
"753",2018-04-03,"PG_B4",0
"754",2018-04-03,"PG_B5",0
"755",2018-04-04,"PG_B1",0
"756",2018-04-04,"PG_B2",144
"757",2018-04-04,"PG_B3",48
"758",2018-04-04,"PG_B4",24
"759",2018-04-04,"PG_B5",0
"760",2018-04-05,"PG_B1",24
"761",2018-04-05,"PG_B2",168
"762",2018-04-05,"PG_B3",72
"763",2018-04-05,"PG_B4",0
"764",2018-04-05,"PG_B5",0
"765",2018-04-06,"PG_B1",0
"766",2018-04-06,"PG_B2",144
"767",2018-04-06,"PG_B3",24
"768",2018-04-06,"PG_B4",0
"769",2018-04-06,"PG_B5",0
"770",2018-04-07,"PG_B1",0
"771",2018-04-07,"PG_B2",24
"772",2018-04-07,"PG_B3",48
"773",2018-04-07,"PG_B4",0
"774",2018-04-07,"PG_B5",0
"775",2018-04-08,"PG_B1",0
"776",2018-04-08,"PG_B2",48
"777",2018-04-08,"PG_B3",24
"778",2018-04-08,"PG_B4",0
"779",2018-04-08,"PG_B5",72
"780",2018-04-09,"PG_B1",0
"781",2018-04-09,"PG_B2",48
"782",2018-04-09,"PG_B3",0
"783",2018-04-09,"PG_B4",24
"784",2018-04-09,"PG_B5",24
"785",2018-04-10,"PG_B1",0
"786",2018-04-10,"PG_B2",96
"787",2018-04-10,"PG_B3",48
"788",2018-04-10,"PG_B4",24
"789",2018-04-10,"PG_B5",0
"790",2018-04-11,"PG_B1",0
"791",2018-04-11,"PG_B2",0
"792",2018-04-11,"PG_B3",24
"793",2018-04-11,"PG_B4",0
"794",2018-04-11,"PG_B5",72
"795",2018-04-12,"PG_B1",0
"796",2018-04-12,"PG_B2",24
"797",2018-04-12,"PG_B3",24
"798",2018-04-12,"PG_B4",0
"799",2018-04-12,"PG_B5",72
"800",2018-04-13,"PG_B1",0
"801",2018-04-13,"PG_B2",24
"802",2018-04-13,"PG_B3",0
"803",2018-04-13,"PG_B4",0
"804",2018-04-13,"PG_B5",264
"805",2018-04-14,"PG_B1",0
"806",2018-04-14,"PG_B2",336
"807",2018-04-14,"PG_B3",24
"808",2018-04-14,"PG_B4",0
"809",2018-04-14,"PG_B5",24
"810",2018-04-15,"PG_B1",0
"811",2018-04-15,"PG_B2",48
"812",2018-04-15,"PG_B3",72
"813",2018-04-15,"PG_B4",0
"814",2018-04-15,"PG_B5",48
"815",2018-04-16,"PG_B1",0
"816",2018-04-16,"PG_B2",24
"817",2018-04-16,"PG_B3",24
"818",2018-04-16,"PG_B4",0
"819",2018-04-16,"PG_B5",24
"820",2018-04-17,"PG_B1",0
"821",2018-04-17,"PG_B2",72
"822",2018-04-17,"PG_B3",24
"823",2018-04-17,"PG_B4",0
"824",2018-04-17,"PG_B5",24
"825",2018-04-18,"PG_B1",0
"826",2018-04-18,"PG_B2",48
"827",2018-04-18,"PG_B3",48
"828",2018-04-18,"PG_B4",0
"829",2018-04-18,"PG_B5",24
"830",2018-04-19,"PG_B1",0
"831",2018-04-19,"PG_B2",24
"832",2018-04-19,"PG_B3",0
"833",2018-04-19,"PG_B4",0
"834",2018-04-19,"PG_B5",24
"835",2018-04-20,"PG_B1",0
"836",2018-04-20,"PG_B2",24
"837",2018-04-20,"PG_B3",0
"838",2018-04-20,"PG_B4",0
"839",2018-04-20,"PG_B5",48
"840",2018-04-21,"PG_B1",0
"841",2018-04-21,"PG_B2",24
"842",2018-04-21,"PG_B3",0
"843",2018-04-21,"PG_B4",24
"844",2018-04-21,"PG_B5",48
"845",2018-04-22,"PG_B1",0
"846",2018-04-22,"PG_B2",0
"847",2018-04-22,"PG_B3",120
"848",2018-04-22,"PG_B4",0
"849",2018-04-22,"PG_B5",192
"850",2018-04-23,"PG_B1",0
"851",2018-04-23,"PG_B2",0
"852",2018-04-23,"PG_B3",24
"853",2018-04-23,"PG_B4",0
"854",2018-04-23,"PG_B5",48
"855",2018-04-24,"PG_B1",0
"856",2018-04-24,"PG_B2",0
"857",2018-04-24,"PG_B3",0
"858",2018-04-24,"PG_B4",0
"859",2018-04-24,"PG_B5",24
"860",2018-04-25,"PG_B1",0
"861",2018-04-25,"PG_B2",0
"862",2018-04-25,"PG_B3",0
"863",2018-04-25,"PG_B4",0
"864",2018-04-25,"PG_B5",24
"865",2018-04-26,"PG_B1",0
"866",2018-04-26,"PG_B2",0
"867",2018-04-26,"PG_B3",0
"868",2018-04-26,"PG_B4",0
"869",2018-04-26,"PG_B5",24
"870",2018-04-27,"PG_B1",0
"871",2018-04-27,"PG_B2",0
"872",2018-04-27,"PG_B3",24
"873",2018-04-27,"PG_B4",0
"874",2018-04-27,"PG_B5",0
"875",2018-04-28,"PG_B1",0
"876",2018-04-28,"PG_B2",24
"877",2018-04-28,"PG_B3",24
"878",2018-04-28,"PG_B4",0
"879",2018-04-28,"PG_B5",24
"880",2018-04-29,"PG_B1",0
"881",2018-04-29,"PG_B2",0
"882",2018-04-29,"PG_B3",24
"883",2018-04-29,"PG_B4",0
"884",2018-04-29,"PG_B5",48
"885",2018-04-30,"PG_B1",0
"886",2018-04-30,"PG_B2",0
"887",2018-04-30,"PG_B3",48
"888",2018-04-30,"PG_B4",0
"889",2018-04-30,"PG_B5",24
"890",2018-05-01,"PG_B1",0
"891",2018-05-01,"PG_B2",0
"892",2018-05-01,"PG_B3",0
"893",2018-05-01,"PG_B4",48
"894",2018-05-01,"PG_B5",48
"895",2018-05-02,"PG_B1",0
"896",2018-05-02,"PG_B2",0
"897",2018-05-02,"PG_B3",0
"898",2018-05-02,"PG_B4",24
"899",2018-05-02,"PG_B5",24
"900",2018-05-03,"PG_B1",0
"901",2018-05-03,"PG_B2",24
"902",2018-05-03,"PG_B3",24
"903",2018-05-03,"PG_B4",24
"904",2018-05-03,"PG_B5",0
"905",2018-05-04,"PG_B1",0
"906",2018-05-04,"PG_B2",0
"907",2018-05-04,"PG_B3",24
"908",2018-05-04,"PG_B4",0
"909",2018-05-04,"PG_B5",0
"910",2018-05-05,"PG_B1",0
"911",2018-05-05,"PG_B2",0
"912",2018-05-05,"PG_B3",24
"913",2018-05-05,"PG_B4",0
"914",2018-05-05,"PG_B5",0
"915",2018-05-06,"PG_B1",24
"916",2018-05-06,"PG_B2",0
"917",2018-05-06,"PG_B3",24
"918",2018-05-06,"PG_B4",0
"919",2018-05-06,"PG_B5",24
"920",2018-05-07,"PG_B1",48
"921",2018-05-07,"PG_B2",0
"922",2018-05-07,"PG_B3",24
"923",2018-05-07,"PG_B4",0
"924",2018-05-07,"PG_B5",24
"925",2018-05-08,"PG_B1",48
"926",2018-05-08,"PG_B2",0
"927",2018-05-08,"PG_B3",24
"928",2018-05-08,"PG_B4",0
"929",2018-05-08,"PG_B5",48
"930",2018-05-09,"PG_B1",72
"931",2018-05-09,"PG_B2",0
"932",2018-05-09,"PG_B3",48
"933",2018-05-09,"PG_B4",24
"934",2018-05-09,"PG_B5",24
"935",2018-05-10,"PG_B1",48
"936",2018-05-10,"PG_B2",0
"937",2018-05-10,"PG_B3",72
"938",2018-05-10,"PG_B4",0
"939",2018-05-10,"PG_B5",24
"940",2018-05-11,"PG_B1",48
"941",2018-05-11,"PG_B2",144
"942",2018-05-11,"PG_B3",24
"943",2018-05-11,"PG_B4",0
"944",2018-05-11,"PG_B5",24
"945",2018-05-12,"PG_B1",96
"946",2018-05-12,"PG_B2",120
"947",2018-05-12,"PG_B3",0
"948",2018-05-12,"PG_B4",0
"949",2018-05-12,"PG_B5",48
"950",2018-05-13,"PG_B1",96
"951",2018-05-13,"PG_B2",120
"952",2018-05-13,"PG_B3",48
"953",2018-05-13,"PG_B4",0
"954",2018-05-13,"PG_B5",48
"955",2018-05-14,"PG_B1",0
"956",2018-05-14,"PG_B2",96
"957",2018-05-14,"PG_B3",0
"958",2018-05-14,"PG_B4",0
"959",2018-05-14,"PG_B5",72
"960",2018-05-15,"PG_B1",0
"961",2018-05-15,"PG_B2",120
"962",2018-05-15,"PG_B3",0
"963",2018-05-15,"PG_B4",0
"964",2018-05-15,"PG_B5",24
"965",2018-05-16,"PG_B1",0
"966",2018-05-16,"PG_B2",96
"967",2018-05-16,"PG_B3",0
"968",2018-05-16,"PG_B4",48
"969",2018-05-16,"PG_B5",24
"970",2018-05-17,"PG_B1",0
"971",2018-05-17,"PG_B2",96
"972",2018-05-17,"PG_B3",0
"973",2018-05-17,"PG_B4",0
"974",2018-05-17,"PG_B5",0
"975",2018-05-18,"PG_B1",0
"976",2018-05-18,"PG_B2",96
"977",2018-05-18,"PG_B3",96
"978",2018-05-18,"PG_B4",0
"979",2018-05-18,"PG_B5",24
"980",2018-05-19,"PG_B1",0
"981",2018-05-19,"PG_B2",96
"982",2018-05-19,"PG_B3",48
"983",2018-05-19,"PG_B4",0
"984",2018-05-19,"PG_B5",72
"985",2018-05-20,"PG_B1",0
"986",2018-05-20,"PG_B2",96
"987",2018-05-20,"PG_B3",96
"988",2018-05-20,"PG_B4",0
"989",2018-05-20,"PG_B5",0
"990",2018-05-21,"PG_B1",0
"991",2018-05-21,"PG_B2",96
"992",2018-05-21,"PG_B3",0
"993",2018-05-21,"PG_B4",0
"994",2018-05-21,"PG_B5",72
"995",2018-05-22,"PG_B1",0
"996",2018-05-22,"PG_B2",96
"997",2018-05-22,"PG_B3",0
"998",2018-05-22,"PG_B4",0
"999",2018-05-22,"PG_B5",48
"1000",2018-05-23,"PG_B1",0
"1001",2018-05-23,"PG_B2",96
"1002",2018-05-23,"PG_B3",168
"1003",2018-05-23,"PG_B4",0
"1004",2018-05-23,"PG_B5",0
"1005",2018-05-24,"PG_B1",0
"1006",2018-05-24,"PG_B2",96
"1007",2018-05-24,"PG_B3",168
"1008",2018-05-24,"PG_B4",0
"1009",2018-05-24,"PG_B5",0
"1010",2018-05-25,"PG_B1",0
"1011",2018-05-25,"PG_B2",96
"1012",2018-05-25,"PG_B3",144
"1013",2018-05-25,"PG_B4",0
"1014",2018-05-25,"PG_B5",24
"1015",2018-05-26,"PG_B1",24
"1016",2018-05-26,"PG_B2",96
"1017",2018-05-26,"PG_B3",144
"1018",2018-05-26,"PG_B4",0
"1019",2018-05-26,"PG_B5",48
"1020",2018-05-27,"PG_B1",24
"1021",2018-05-27,"PG_B2",96
"1022",2018-05-27,"PG_B3",144
"1023",2018-05-27,"PG_B4",0
"1024",2018-05-27,"PG_B5",72
"1025",2018-05-28,"PG_B1",0
"1026",2018-05-28,"PG_B2",96
"1027",2018-05-28,"PG_B3",120
"1028",2018-05-28,"PG_B4",0
"1029",2018-05-28,"PG_B5",24
"1030",2018-05-29,"PG_B1",0
"1031",2018-05-29,"PG_B2",96
"1032",2018-05-29,"PG_B3",120
"1033",2018-05-29,"PG_B4",0
"1034",2018-05-29,"PG_B5",24
"1035",2018-05-30,"PG_B1",0
"1036",2018-05-30,"PG_B2",48
"1037",2018-05-30,"PG_B3",120
"1038",2018-05-30,"PG_B4",0
"1039",2018-05-30,"PG_B5",24
"1040",2018-05-31,"PG_B1",0
"1041",2018-05-31,"PG_B2",72
"1042",2018-05-31,"PG_B3",120
"1043",2018-05-31,"PG_B4",0
"1044",2018-05-31,"PG_B5",24
"1045",2018-06-01,"PG_B1",0
"1046",2018-06-01,"PG_B2",72
"1047",2018-06-01,"PG_B3",120
"1048",2018-06-01,"PG_B4",0
"1049",2018-06-01,"PG_B5",24
"1050",2018-06-02,"PG_B1",0
"1051",2018-06-02,"PG_B2",48
"1052",2018-06-02,"PG_B3",144
"1053",2018-06-02,"PG_B4",0
"1054",2018-06-02,"PG_B5",48
"1055",2018-06-03,"PG_B1",24
"1056",2018-06-03,"PG_B2",96
"1057",2018-06-03,"PG_B3",120
"1058",2018-06-03,"PG_B4",0
"1059",2018-06-03,"PG_B5",24
"1060",2018-06-04,"PG_B1",24
"1061",2018-06-04,"PG_B2",96
"1062",2018-06-04,"PG_B3",0
"1063",2018-06-04,"PG_B4",0
"1064",2018-06-04,"PG_B5",72
"1065",2018-06-05,"PG_B1",24
"1066",2018-06-05,"PG_B2",72
"1067",2018-06-05,"PG_B3",144
"1068",2018-06-05,"PG_B4",0
"1069",2018-06-05,"PG_B5",48
"1070",2018-06-06,"PG_B1",0
"1071",2018-06-06,"PG_B2",72
"1072",2018-06-06,"PG_B3",0
"1073",2018-06-06,"PG_B4",0
"1074",2018-06-06,"PG_B5",48
"1075",2018-06-07,"PG_B1",0
"1076",2018-06-07,"PG_B2",72
"1077",2018-06-07,"PG_B3",168
"1078",2018-06-07,"PG_B4",0
"1079",2018-06-07,"PG_B5",48
"1080",2018-06-08,"PG_B1",0
"1081",2018-06-08,"PG_B2",0
"1082",2018-06-08,"PG_B3",144
"1083",2018-06-08,"PG_B4",0
"1084",2018-06-08,"PG_B5",48
"1085",2018-06-09,"PG_B1",0
"1086",2018-06-09,"PG_B2",24
"1087",2018-06-09,"PG_B3",0
"1088",2018-06-09,"PG_B4",0
"1089",2018-06-09,"PG_B5",96
"1090",2018-06-10,"PG_B1",0
"1091",2018-06-10,"PG_B2",48
"1092",2018-06-10,"PG_B3",0
"1093",2018-06-10,"PG_B4",0
"1094",2018-06-10,"PG_B5",72
"1095",2018-06-11,"PG_B1",24
"1096",2018-06-11,"PG_B2",0
"1097",2018-06-11,"PG_B3",144
"1098",2018-06-11,"PG_B4",0
"1099",2018-06-11,"PG_B5",72
"1100",2018-06-12,"PG_B1",24
"1101",2018-06-12,"PG_B2",24
"1102",2018-06-12,"PG_B3",336
"1103",2018-06-12,"PG_B4",0
"1104",2018-06-12,"PG_B5",168
"1105",2018-06-13,"PG_B1",0
"1106",2018-06-13,"PG_B2",48
"1107",2018-06-13,"PG_B3",528
"1108",2018-06-13,"PG_B4",0
"1109",2018-06-13,"PG_B5",168
"1110",2018-06-14,"PG_B1",48
"1111",2018-06-14,"PG_B2",48
"1112",2018-06-14,"PG_B3",624
"1113",2018-06-14,"PG_B4",0
"1114",2018-06-14,"PG_B5",288
"1115",2018-06-15,"PG_B1",120
"1116",2018-06-15,"PG_B2",48
"1117",2018-06-15,"PG_B3",576
"1118",2018-06-15,"PG_B4",0
"1119",2018-06-15,"PG_B5",48
"1120",2018-06-16,"PG_B1",288
"1121",2018-06-16,"PG_B2",24
"1122",2018-06-16,"PG_B3",648
"1123",2018-06-16,"PG_B4",0
"1124",2018-06-16,"PG_B5",24
"1125",2018-06-17,"PG_B1",264
"1126",2018-06-17,"PG_B2",24
"1127",2018-06-17,"PG_B3",600
"1128",2018-06-17,"PG_B4",0
"1129",2018-06-17,"PG_B5",72
"1130",2018-06-18,"PG_B1",264
"1131",2018-06-18,"PG_B2",24
"1132",2018-06-18,"PG_B3",648
"1133",2018-06-18,"PG_B4",48
"1134",2018-06-18,"PG_B5",24
"1135",2018-06-19,"PG_B1",264
"1136",2018-06-19,"PG_B2",24
"1137",2018-06-19,"PG_B3",672
"1138",2018-06-19,"PG_B4",0
"1139",2018-06-19,"PG_B5",48
"1140",2018-06-20,"PG_B1",264
"1141",2018-06-20,"PG_B2",48
"1142",2018-06-20,"PG_B3",648
"1143",2018-06-20,"PG_B4",0
"1144",2018-06-20,"PG_B5",48
"1145",2018-06-21,"PG_B1",288
"1146",2018-06-21,"PG_B2",24
"1147",2018-06-21,"PG_B3",600
"1148",2018-06-21,"PG_B4",0
"1149",2018-06-21,"PG_B5",24
"1150",2018-06-22,"PG_B1",264
"1151",2018-06-22,"PG_B2",24
"1152",2018-06-22,"PG_B3",648
"1153",2018-06-22,"PG_B4",0
"1154",2018-06-22,"PG_B5",24
"1155",2018-06-23,"PG_B1",264
"1156",2018-06-23,"PG_B2",24
"1157",2018-06-23,"PG_B3",648
"1158",2018-06-23,"PG_B4",0
"1159",2018-06-23,"PG_B5",0
"1160",2018-06-24,"PG_B1",168
"1161",2018-06-24,"PG_B2",24
"1162",2018-06-24,"PG_B3",624
"1163",2018-06-24,"PG_B4",0
"1164",2018-06-24,"PG_B5",0
"1165",2018-06-25,"PG_B1",192
"1166",2018-06-25,"PG_B2",48
"1167",2018-06-25,"PG_B3",648
"1168",2018-06-25,"PG_B4",0
"1169",2018-06-25,"PG_B5",0
"1170",2018-06-26,"PG_B1",168
"1171",2018-06-26,"PG_B2",48
"1172",2018-06-26,"PG_B3",576
"1173",2018-06-26,"PG_B4",0
"1174",2018-06-26,"PG_B5",48
"1175",2018-06-27,"PG_B1",240
"1176",2018-06-27,"PG_B2",24
"1177",2018-06-27,"PG_B3",672
"1178",2018-06-27,"PG_B4",0
"1179",2018-06-27,"PG_B5",0
"1180",2018-06-28,"PG_B1",216
"1181",2018-06-28,"PG_B2",24
"1182",2018-06-28,"PG_B3",672
"1183",2018-06-28,"PG_B4",0
"1184",2018-06-28,"PG_B5",0
"1185",2018-06-29,"PG_B1",96
"1186",2018-06-29,"PG_B2",0
"1187",2018-06-29,"PG_B3",672
"1188",2018-06-29,"PG_B4",0
"1189",2018-06-29,"PG_B5",0
"1190",2018-06-30,"PG_B1",0
"1191",2018-06-30,"PG_B2",24
"1192",2018-06-30,"PG_B3",672
"1193",2018-06-30,"PG_B4",0
"1194",2018-06-30,"PG_B5",0
"1195",2018-07-01,"PG_B1",0
"1196",2018-07-01,"PG_B2",48
"1197",2018-07-01,"PG_B3",648
"1198",2018-07-01,"PG_B4",0
"1199",2018-07-01,"PG_B5",0
"1200",2018-07-02,"PG_B1",0
"1201",2018-07-02,"PG_B2",24
"1202",2018-07-02,"PG_B3",696
"1203",2018-07-02,"PG_B4",0
"1204",2018-07-02,"PG_B5",0
"1205",2018-07-03,"PG_B1",0
"1206",2018-07-03,"PG_B2",24
"1207",2018-07-03,"PG_B3",600
"1208",2018-07-03,"PG_B4",0
"1209",2018-07-03,"PG_B5",0
"1210",2018-07-04,"PG_B1",0
"1211",2018-07-04,"PG_B2",24
"1212",2018-07-04,"PG_B3",576
"1213",2018-07-04,"PG_B4",0
"1214",2018-07-04,"PG_B5",0
"1215",2018-07-05,"PG_B1",0
"1216",2018-07-05,"PG_B2",48
"1217",2018-07-05,"PG_B3",672
"1218",2018-07-05,"PG_B4",0
"1219",2018-07-05,"PG_B5",0
"1220",2018-07-06,"PG_B1",12840
"1221",2018-07-06,"PG_B2",48
"1222",2018-07-06,"PG_B3",672
"1223",2018-07-06,"PG_B4",0
"1224",2018-07-06,"PG_B5",24
"1225",2018-07-07,"PG_B1",19560
"1226",2018-07-07,"PG_B2",24
"1227",2018-07-07,"PG_B3",672
"1228",2018-07-07,"PG_B4",0
"1229",2018-07-07,"PG_B5",0
"1230",2018-07-08,"PG_B1",19464
"1231",2018-07-08,"PG_B2",24
"1232",2018-07-08,"PG_B3",120
"1233",2018-07-08,"PG_B4",0
"1234",2018-07-08,"PG_B5",0
"1235",2018-07-09,"PG_B1",0
"1236",2018-07-09,"PG_B2",72
"1237",2018-07-09,"PG_B3",120
"1238",2018-07-09,"PG_B4",0
"1239",2018-07-09,"PG_B5",0
"1240",2018-07-10,"PG_B1",120
"1241",2018-07-10,"PG_B2",96
"1242",2018-07-10,"PG_B3",120
"1243",2018-07-10,"PG_B4",0
"1244",2018-07-10,"PG_B5",0
"1245",2018-07-11,"PG_B1",24
"1246",2018-07-11,"PG_B2",24
"1247",2018-07-11,"PG_B3",144
"1248",2018-07-11,"PG_B4",48
"1249",2018-07-11,"PG_B5",0
"1250",2018-07-12,"PG_B1",0
"1251",2018-07-12,"PG_B2",24
"1252",2018-07-12,"PG_B3",24
"1253",2018-07-12,"PG_B4",48
"1254",2018-07-12,"PG_B5",0
"1255",2018-07-13,"PG_B1",0
"1256",2018-07-13,"PG_B2",24
"1257",2018-07-13,"PG_B3",0
"1258",2018-07-13,"PG_B4",24
"1259",2018-07-13,"PG_B5",0
"1260",2018-07-14,"PG_B1",480
"1261",2018-07-14,"PG_B2",24
"1262",2018-07-14,"PG_B3",144
"1263",2018-07-14,"PG_B4",48
"1264",2018-07-14,"PG_B5",24
"1265",2018-07-15,"PG_B1",456
"1266",2018-07-15,"PG_B2",24
"1267",2018-07-15,"PG_B3",0
"1268",2018-07-15,"PG_B4",48
"1269",2018-07-15,"PG_B5",24
"1270",2018-07-16,"PG_B1",480
"1271",2018-07-16,"PG_B2",24
"1272",2018-07-16,"PG_B3",0
"1273",2018-07-16,"PG_B4",48
"1274",2018-07-16,"PG_B5",0
"1275",2018-07-17,"PG_B1",600
"1276",2018-07-17,"PG_B2",24
"1277",2018-07-17,"PG_B3",144
"1278",2018-07-17,"PG_B4",24
"1279",2018-07-17,"PG_B5",0
"1280",2018-07-18,"PG_B1",24
"1281",2018-07-18,"PG_B2",24
"1282",2018-07-18,"PG_B3",96
"1283",2018-07-18,"PG_B4",24
"1284",2018-07-18,"PG_B5",24
"1285",2018-07-19,"PG_B1",24
"1286",2018-07-19,"PG_B2",24
"1287",2018-07-19,"PG_B3",96
"1288",2018-07-19,"PG_B4",144
"1289",2018-07-19,"PG_B5",24
"1290",2018-07-20,"PG_B1",480
"1291",2018-07-20,"PG_B2",24
"1292",2018-07-20,"PG_B3",24
"1293",2018-07-20,"PG_B4",168
"1294",2018-07-20,"PG_B5",24
"1295",2018-07-21,"PG_B1",24
"1296",2018-07-21,"PG_B2",24
"1297",2018-07-21,"PG_B3",144
"1298",2018-07-21,"PG_B4",120
"1299",2018-07-21,"PG_B5",48
"1300",2018-07-22,"PG_B1",480
"1301",2018-07-22,"PG_B2",24
"1302",2018-07-22,"PG_B3",168
"1303",2018-07-22,"PG_B4",96
"1304",2018-07-22,"PG_B5",24
"1305",2018-07-23,"PG_B1",24
"1306",2018-07-23,"PG_B2",24
"1307",2018-07-23,"PG_B3",144
"1308",2018-07-23,"PG_B4",96
"1309",2018-07-23,"PG_B5",0
"1310",2018-07-24,"PG_B1",48
"1311",2018-07-24,"PG_B2",24
"1312",2018-07-24,"PG_B3",144
"1313",2018-07-24,"PG_B4",48
"1314",2018-07-24,"PG_B5",0
"1315",2018-07-25,"PG_B1",576
"1316",2018-07-25,"PG_B2",24
"1317",2018-07-25,"PG_B3",144
"1318",2018-07-25,"PG_B4",24
"1319",2018-07-25,"PG_B5",0
"1320",2018-07-26,"PG_B1",48
"1321",2018-07-26,"PG_B2",24
"1322",2018-07-26,"PG_B3",0
"1323",2018-07-26,"PG_B4",48
"1324",2018-07-26,"PG_B5",0
"1325",2018-07-27,"PG_B1",48
"1326",2018-07-27,"PG_B2",48
"1327",2018-07-27,"PG_B3",0
"1328",2018-07-27,"PG_B4",48
"1329",2018-07-27,"PG_B5",0
"1330",2018-07-28,"PG_B1",48
"1331",2018-07-28,"PG_B2",48
"1332",2018-07-28,"PG_B3",0
"1333",2018-07-28,"PG_B4",0
"1334",2018-07-28,"PG_B5",0
"1335",2018-07-29,"PG_B1",48
"1336",2018-07-29,"PG_B2",48
"1337",2018-07-29,"PG_B3",0
"1338",2018-07-29,"PG_B4",0
"1339",2018-07-29,"PG_B5",48
"1340",2018-07-30,"PG_B1",192
"1341",2018-07-30,"PG_B2",24
"1342",2018-07-30,"PG_B3",0
"1343",2018-07-30,"PG_B4",0
"1344",2018-07-30,"PG_B5",24
"1345",2018-07-31,"PG_B1",120
"1346",2018-07-31,"PG_B2",48
"1347",2018-07-31,"PG_B3",24
"1348",2018-07-31,"PG_B4",48
"1349",2018-07-31,"PG_B5",24
"1350",2018-08-01,"PG_B1",120
"1351",2018-08-01,"PG_B2",24
"1352",2018-08-01,"PG_B3",0
"1353",2018-08-01,"PG_B4",48
"1354",2018-08-01,"PG_B5",0
"1355",2018-08-02,"PG_B1",120
"1356",2018-08-02,"PG_B2",24
"1357",2018-08-02,"PG_B3",48
"1358",2018-08-02,"PG_B4",24
"1359",2018-08-02,"PG_B5",0
"1360",2018-08-03,"PG_B1",120
"1361",2018-08-03,"PG_B2",48
"1362",2018-08-03,"PG_B3",0
"1363",2018-08-03,"PG_B4",24
"1364",2018-08-03,"PG_B5",0
"1365",2018-08-04,"PG_B1",120
"1366",2018-08-04,"PG_B2",24
"1367",2018-08-04,"PG_B3",0
"1368",2018-08-04,"PG_B4",264
"1369",2018-08-04,"PG_B5",0
"1370",2018-08-05,"PG_B1",120
"1371",2018-08-05,"PG_B2",24
"1372",2018-08-05,"PG_B3",0
"1373",2018-08-05,"PG_B4",288
"1374",2018-08-05,"PG_B5",0
"1375",2018-08-06,"PG_B1",168
"1376",2018-08-06,"PG_B2",24
"1377",2018-08-06,"PG_B3",0
"1378",2018-08-06,"PG_B4",24
"1379",2018-08-06,"PG_B5",0
"1380",2018-08-07,"PG_B1",144
"1381",2018-08-07,"PG_B2",48
"1382",2018-08-07,"PG_B3",24
"1383",2018-08-07,"PG_B4",0
"1384",2018-08-07,"PG_B5",0
"1385",2018-08-08,"PG_B1",144
"1386",2018-08-08,"PG_B2",48
"1387",2018-08-08,"PG_B3",0
"1388",2018-08-08,"PG_B4",0
"1389",2018-08-08,"PG_B5",0
"1390",2018-08-09,"PG_B1",168
"1391",2018-08-09,"PG_B2",72
"1392",2018-08-09,"PG_B3",168
"1393",2018-08-09,"PG_B4",0
"1394",2018-08-09,"PG_B5",0
"1395",2018-08-10,"PG_B1",264
"1396",2018-08-10,"PG_B2",24
"1397",2018-08-10,"PG_B3",72
"1398",2018-08-10,"PG_B4",0
"1399",2018-08-10,"PG_B5",0
"1400",2018-08-11,"PG_B1",240
"1401",2018-08-11,"PG_B2",24
"1402",2018-08-11,"PG_B3",0
"1403",2018-08-11,"PG_B4",0
"1404",2018-08-11,"PG_B5",0
"1405",2018-08-12,"PG_B1",240
"1406",2018-08-12,"PG_B2",24
"1407",2018-08-12,"PG_B3",48
"1408",2018-08-12,"PG_B4",0
"1409",2018-08-12,"PG_B5",0
"1410",2018-08-13,"PG_B1",144
"1411",2018-08-13,"PG_B2",24
"1412",2018-08-13,"PG_B3",24
"1413",2018-08-13,"PG_B4",0
"1414",2018-08-13,"PG_B5",0
"1415",2018-08-14,"PG_B1",144
"1416",2018-08-14,"PG_B2",24
"1417",2018-08-14,"PG_B3",0
"1418",2018-08-14,"PG_B4",48
"1419",2018-08-14,"PG_B5",24
"1420",2018-08-15,"PG_B1",144
"1421",2018-08-15,"PG_B2",48
"1422",2018-08-15,"PG_B3",24
"1423",2018-08-15,"PG_B4",0
"1424",2018-08-15,"PG_B5",0
"1425",2018-08-16,"PG_B1",624
"1426",2018-08-16,"PG_B2",96
"1427",2018-08-16,"PG_B3",0
"1428",2018-08-16,"PG_B4",0
"1429",2018-08-16,"PG_B5",0
"1430",2018-08-17,"PG_B1",624
"1431",2018-08-17,"PG_B2",24
"1432",2018-08-17,"PG_B3",0
"1433",2018-08-17,"PG_B4",0
"1434",2018-08-17,"PG_B5",0
"1435",2018-08-18,"PG_B1",480
"1436",2018-08-18,"PG_B2",48
"1437",2018-08-18,"PG_B3",24
"1438",2018-08-18,"PG_B4",0
"1439",2018-08-18,"PG_B5",0
"1440",2018-08-19,"PG_B1",336
"1441",2018-08-19,"PG_B2",24
"1442",2018-08-19,"PG_B3",0
"1443",2018-08-19,"PG_B4",0
"1444",2018-08-19,"PG_B5",24
"1445",2018-08-20,"PG_B1",480
"1446",2018-08-20,"PG_B2",24
"1447",2018-08-20,"PG_B3",0
"1448",2018-08-20,"PG_B4",0
"1449",2018-08-20,"PG_B5",0
"1450",2018-08-21,"PG_B1",456
"1451",2018-08-21,"PG_B2",48
"1452",2018-08-21,"PG_B3",0
"1453",2018-08-21,"PG_B4",0
"1454",2018-08-21,"PG_B5",0
"1455",2018-08-22,"PG_B1",384
"1456",2018-08-22,"PG_B2",0
"1457",2018-08-22,"PG_B3",120
"1458",2018-08-22,"PG_B4",0
"1459",2018-08-22,"PG_B5",0
"1460",2018-08-23,"PG_B1",0
"1461",2018-08-23,"PG_B2",24
"1462",2018-08-23,"PG_B3",0
"1463",2018-08-23,"PG_B4",0
"1464",2018-08-23,"PG_B5",0
"1465",2018-08-24,"PG_B1",0
"1466",2018-08-24,"PG_B2",24
"1467",2018-08-24,"PG_B3",0
"1468",2018-08-24,"PG_B4",0
"1469",2018-08-24,"PG_B5",0
"1470",2018-08-25,"PG_B1",0
"1471",2018-08-25,"PG_B2",24
"1472",2018-08-25,"PG_B3",0
"1473",2018-08-25,"PG_B4",0
"1474",2018-08-25,"PG_B5",0
"1475",2018-08-26,"PG_B1",456
"1476",2018-08-26,"PG_B2",48
"1477",2018-08-26,"PG_B3",0
"1478",2018-08-26,"PG_B4",24
"1479",2018-08-26,"PG_B5",0
"1480",2018-08-27,"PG_B1",48
"1481",2018-08-27,"PG_B2",24
"1482",2018-08-27,"PG_B3",24
"1483",2018-08-27,"PG_B4",48
"1484",2018-08-27,"PG_B5",0
"1485",2018-08-28,"PG_B1",24
"1486",2018-08-28,"PG_B2",24
"1487",2018-08-28,"PG_B3",48
"1488",2018-08-28,"PG_B4",0
"1489",2018-08-28,"PG_B5",0
"1490",2018-08-29,"PG_B1",24
"1491",2018-08-29,"PG_B2",72
"1492",2018-08-29,"PG_B3",0
"1493",2018-08-29,"PG_B4",0
"1494",2018-08-29,"PG_B5",0
"1495",2018-08-30,"PG_B1",168
"1496",2018-08-30,"PG_B2",24
"1497",2018-08-30,"PG_B3",0
"1498",2018-08-30,"PG_B4",0
"1499",2018-08-30,"PG_B5",24
"1500",2018-08-31,"PG_B1",432
"1501",2018-08-31,"PG_B2",24
"1502",2018-08-31,"PG_B3",24
"1503",2018-08-31,"PG_B4",0
"1504",2018-08-31,"PG_B5",24
"1505",2018-09-01,"PG_B1",432
"1506",2018-09-01,"PG_B2",48
"1507",2018-09-01,"PG_B3",0
"1508",2018-09-01,"PG_B4",48
"1509",2018-09-01,"PG_B5",0
"1510",2018-09-02,"PG_B1",912
"1511",2018-09-02,"PG_B2",24
"1512",2018-09-02,"PG_B3",0
"1513",2018-09-02,"PG_B4",0
"1514",2018-09-02,"PG_B5",24
"1515",2018-09-03,"PG_B1",432
"1516",2018-09-03,"PG_B2",24
"1517",2018-09-03,"PG_B3",0
"1518",2018-09-03,"PG_B4",0
"1519",2018-09-03,"PG_B5",0
"1520",2018-09-04,"PG_B1",456
"1521",2018-09-04,"PG_B2",48
"1522",2018-09-04,"PG_B3",0
"1523",2018-09-04,"PG_B4",48
"1524",2018-09-04,"PG_B5",0
"1525",2018-09-05,"PG_B1",408
"1526",2018-09-05,"PG_B2",24
"1527",2018-09-05,"PG_B3",0
"1528",2018-09-05,"PG_B4",0
"1529",2018-09-05,"PG_B5",0
"1530",2018-09-06,"PG_B1",936
"1531",2018-09-06,"PG_B2",96
"1532",2018-09-06,"PG_B3",0
"1533",2018-09-06,"PG_B4",0
"1534",2018-09-06,"PG_B5",0
"1535",2018-09-07,"PG_B1",456
"1536",2018-09-07,"PG_B2",48
"1537",2018-09-07,"PG_B3",48
"1538",2018-09-07,"PG_B4",0
"1539",2018-09-07,"PG_B5",0
"1540",2018-09-08,"PG_B1",816
"1541",2018-09-08,"PG_B2",96
"1542",2018-09-08,"PG_B3",0
"1543",2018-09-08,"PG_B4",0
"1544",2018-09-08,"PG_B5",0
"1545",2018-09-09,"PG_B1",432
"1546",2018-09-09,"PG_B2",72
"1547",2018-09-09,"PG_B3",24
"1548",2018-09-09,"PG_B4",0
"1549",2018-09-09,"PG_B5",0
"1550",2018-09-10,"PG_B1",504
"1551",2018-09-10,"PG_B2",24
"1552",2018-09-10,"PG_B3",0
"1553",2018-09-10,"PG_B4",0
"1554",2018-09-10,"PG_B5",0
"1555",2018-09-11,"PG_B1",888
"1556",2018-09-11,"PG_B2",24
"1557",2018-09-11,"PG_B3",0
"1558",2018-09-11,"PG_B4",0
"1559",2018-09-11,"PG_B5",0
"1560",2018-09-12,"PG_B1",504
"1561",2018-09-12,"PG_B2",24
"1562",2018-09-12,"PG_B3",0
"1563",2018-09-12,"PG_B4",96
"1564",2018-09-12,"PG_B5",0
"1565",2018-09-13,"PG_B1",408
"1566",2018-09-13,"PG_B2",24
"1567",2018-09-13,"PG_B3",0
"1568",2018-09-13,"PG_B4",0
"1569",2018-09-13,"PG_B5",0
"1570",2018-09-14,"PG_B1",408
"1571",2018-09-14,"PG_B2",24
"1572",2018-09-14,"PG_B3",0
"1573",2018-09-14,"PG_B4",0
"1574",2018-09-14,"PG_B5",0
"1575",2018-09-15,"PG_B1",576
"1576",2018-09-15,"PG_B2",24
"1577",2018-09-15,"PG_B3",0
"1578",2018-09-15,"PG_B4",0
"1579",2018-09-15,"PG_B5",24
"1580",2018-09-16,"PG_B1",432
"1581",2018-09-16,"PG_B2",24
"1582",2018-09-16,"PG_B3",0
"1583",2018-09-16,"PG_B4",0
"1584",2018-09-16,"PG_B5",0
"1585",2018-09-17,"PG_B1",864
"1586",2018-09-17,"PG_B2",120
"1587",2018-09-17,"PG_B3",0
"1588",2018-09-17,"PG_B4",0
"1589",2018-09-17,"PG_B5",0
"1590",2018-09-18,"PG_B1",720
"1591",2018-09-18,"PG_B2",24
"1592",2018-09-18,"PG_B3",0
"1593",2018-09-18,"PG_B4",0
"1594",2018-09-18,"PG_B5",0
"1595",2018-09-19,"PG_B1",408
"1596",2018-09-19,"PG_B2",0
"1597",2018-09-19,"PG_B3",24
"1598",2018-09-19,"PG_B4",48
"1599",2018-09-19,"PG_B5",0
"1600",2018-09-20,"PG_B1",816
"1601",2018-09-20,"PG_B2",24
"1602",2018-09-20,"PG_B3",0
"1603",2018-09-20,"PG_B4",0
"1604",2018-09-20,"PG_B5",0
"1605",2018-09-21,"PG_B1",456
"1606",2018-09-21,"PG_B2",72
"1607",2018-09-21,"PG_B3",0
"1608",2018-09-21,"PG_B4",0
"1609",2018-09-21,"PG_B5",0
"1610",2018-09-22,"PG_B1",504
"1611",2018-09-22,"PG_B2",168
"1612",2018-09-22,"PG_B3",24
"1613",2018-09-22,"PG_B4",0
"1614",2018-09-22,"PG_B5",24
"1615",2018-09-23,"PG_B1",504
"1616",2018-09-23,"PG_B2",48
"1617",2018-09-23,"PG_B3",120
"1618",2018-09-23,"PG_B4",0
"1619",2018-09-23,"PG_B5",0
"1620",2018-09-24,"PG_B1",384
"1621",2018-09-24,"PG_B2",48
"1622",2018-09-24,"PG_B3",0
"1623",2018-09-24,"PG_B4",0
"1624",2018-09-24,"PG_B5",0
"1625",2018-09-25,"PG_B1",384
"1626",2018-09-25,"PG_B2",48
"1627",2018-09-25,"PG_B3",0
"1628",2018-09-25,"PG_B4",0
"1629",2018-09-25,"PG_B5",0
"1630",2018-09-26,"PG_B1",624
"1631",2018-09-26,"PG_B2",48
"1632",2018-09-26,"PG_B3",0
"1633",2018-09-26,"PG_B4",0
"1634",2018-09-26,"PG_B5",24
"1635",2018-09-27,"PG_B1",408
"1636",2018-09-27,"PG_B2",48
"1637",2018-09-27,"PG_B3",0
"1638",2018-09-27,"PG_B4",0
"1639",2018-09-27,"PG_B5",0
"1640",2018-09-28,"PG_B1",408
"1641",2018-09-28,"PG_B2",216
"1642",2018-09-28,"PG_B3",0
"1643",2018-09-28,"PG_B4",0
"1644",2018-09-28,"PG_B5",24
"1645",2018-09-29,"PG_B1",552
"1646",2018-09-29,"PG_B2",72
"1647",2018-09-29,"PG_B3",0
"1648",2018-09-29,"PG_B4",48
"1649",2018-09-29,"PG_B5",24
"1650",2018-09-30,"PG_B1",384
"1651",2018-09-30,"PG_B2",24
"1652",2018-09-30,"PG_B3",0
"1653",2018-09-30,"PG_B4",0
"1654",2018-09-30,"PG_B5",24
"1655",2018-10-01,"PG_B1",384
"1656",2018-10-01,"PG_B2",72
"1657",2018-10-01,"PG_B3",0
"1658",2018-10-01,"PG_B4",48
"1659",2018-10-01,"PG_B5",0
"1660",2018-10-02,"PG_B1",456
"1661",2018-10-02,"PG_B2",48
"1662",2018-10-02,"PG_B3",24
"1663",2018-10-02,"PG_B4",0
"1664",2018-10-02,"PG_B5",24
"1665",2018-10-03,"PG_B1",384
"1666",2018-10-03,"PG_B2",72
"1667",2018-10-03,"PG_B3",24
"1668",2018-10-03,"PG_B4",0
"1669",2018-10-03,"PG_B5",24
"1670",2018-10-04,"PG_B1",576
"1671",2018-10-04,"PG_B2",48
"1672",2018-10-04,"PG_B3",0
"1673",2018-10-04,"PG_B4",0
"1674",2018-10-04,"PG_B5",0
"1675",2018-10-05,"PG_B1",408
"1676",2018-10-05,"PG_B2",72
"1677",2018-10-05,"PG_B3",0
"1678",2018-10-05,"PG_B4",24
"1679",2018-10-05,"PG_B5",0
"1680",2018-10-06,"PG_B1",840
"1681",2018-10-06,"PG_B2",72
"1682",2018-10-06,"PG_B3",0
"1683",2018-10-06,"PG_B4",0
"1684",2018-10-06,"PG_B5",0
"1685",2018-10-07,"PG_B1",432
"1686",2018-10-07,"PG_B2",96
"1687",2018-10-07,"PG_B3",0
"1688",2018-10-07,"PG_B4",0
"1689",2018-10-07,"PG_B5",0
"1690",2018-10-08,"PG_B1",504
"1691",2018-10-08,"PG_B2",96
"1692",2018-10-08,"PG_B3",0
"1693",2018-10-08,"PG_B4",48
"1694",2018-10-08,"PG_B5",0
"1695",2018-10-09,"PG_B1",384
"1696",2018-10-09,"PG_B2",96
"1697",2018-10-09,"PG_B3",48
"1698",2018-10-09,"PG_B4",0
"1699",2018-10-09,"PG_B5",0
"1700",2018-10-10,"PG_B1",456
"1701",2018-10-10,"PG_B2",48
"1702",2018-10-10,"PG_B3",24
"1703",2018-10-10,"PG_B4",0
"1704",2018-10-10,"PG_B5",0
"1705",2018-10-11,"PG_B1",864
"1706",2018-10-11,"PG_B2",72
"1707",2018-10-11,"PG_B3",24
"1708",2018-10-11,"PG_B4",0
"1709",2018-10-11,"PG_B5",0
"1710",2018-10-12,"PG_B1",480
"1711",2018-10-12,"PG_B2",72
"1712",2018-10-12,"PG_B3",24
"1713",2018-10-12,"PG_B4",48
"1714",2018-10-12,"PG_B5",192
"1715",2018-10-13,"PG_B1",504
"1716",2018-10-13,"PG_B2",48
"1717",2018-10-13,"PG_B3",120
"1718",2018-10-13,"PG_B4",48
"1719",2018-10-13,"PG_B5",192
"1720",2018-10-14,"PG_B1",408
"1721",2018-10-14,"PG_B2",96
"1722",2018-10-14,"PG_B3",24
"1723",2018-10-14,"PG_B4",0
"1724",2018-10-14,"PG_B5",192
"1725",2018-10-15,"PG_B1",552
"1726",2018-10-15,"PG_B2",120
"1727",2018-10-15,"PG_B3",0
"1728",2018-10-15,"PG_B4",0
"1729",2018-10-15,"PG_B5",24
"1730",2018-10-16,"PG_B1",336
"1731",2018-10-16,"PG_B2",96
"1732",2018-10-16,"PG_B3",0
"1733",2018-10-16,"PG_B4",0
"1734",2018-10-16,"PG_B5",0
"1735",2018-10-17,"PG_B1",336
"1736",2018-10-17,"PG_B2",120
"1737",2018-10-17,"PG_B3",24
"1738",2018-10-17,"PG_B4",0
"1739",2018-10-17,"PG_B5",0
"1740",2018-10-18,"PG_B1",456
"1741",2018-10-18,"PG_B2",96
"1742",2018-10-18,"PG_B3",0
"1743",2018-10-18,"PG_B4",0
"1744",2018-10-18,"PG_B5",0
"1745",2018-10-19,"PG_B1",336
"1746",2018-10-19,"PG_B2",72
"1747",2018-10-19,"PG_B3",144
"1748",2018-10-19,"PG_B4",0
"1749",2018-10-19,"PG_B5",24
"1750",2018-10-20,"PG_B1",384
"1751",2018-10-20,"PG_B2",96
"1752",2018-10-20,"PG_B3",0
"1753",2018-10-20,"PG_B4",0
"1754",2018-10-20,"PG_B5",24
"1755",2018-10-21,"PG_B1",504
"1756",2018-10-21,"PG_B2",120
"1757",2018-10-21,"PG_B3",24
"1758",2018-10-21,"PG_B4",0
"1759",2018-10-21,"PG_B5",24
"1760",2018-10-22,"PG_B1",432
"1761",2018-10-22,"PG_B2",48
"1762",2018-10-22,"PG_B3",0
"1763",2018-10-22,"PG_B4",0
"1764",2018-10-22,"PG_B5",0
"1765",2018-10-23,"PG_B1",528
"1766",2018-10-23,"PG_B2",48
"1767",2018-10-23,"PG_B3",24
"1768",2018-10-23,"PG_B4",0
"1769",2018-10-23,"PG_B5",24
"1770",2018-10-24,"PG_B1",576
"1771",2018-10-24,"PG_B2",72
"1772",2018-10-24,"PG_B3",0
"1773",2018-10-24,"PG_B4",96
"1774",2018-10-24,"PG_B5",0
"1775",2018-10-25,"PG_B1",384
"1776",2018-10-25,"PG_B2",96
"1777",2018-10-25,"PG_B3",0
"1778",2018-10-25,"PG_B4",0
"1779",2018-10-25,"PG_B5",0
"1780",2018-10-26,"PG_B1",456
"1781",2018-10-26,"PG_B2",144
"1782",2018-10-26,"PG_B3",24
"1783",2018-10-26,"PG_B4",48
"1784",2018-10-26,"PG_B5",0
"1785",2018-10-27,"PG_B1",408
"1786",2018-10-27,"PG_B2",144
"1787",2018-10-27,"PG_B3",0
"1788",2018-10-27,"PG_B4",48
"1789",2018-10-27,"PG_B5",0
"1790",2018-10-28,"PG_B1",384
"1791",2018-10-28,"PG_B2",96
"1792",2018-10-28,"PG_B3",0
"1793",2018-10-28,"PG_B4",0
"1794",2018-10-28,"PG_B5",0
"1795",2018-04-01,"YH_B1",17
"1796",2018-04-01,"YH_B2",19
"1797",2018-04-01,"YH_B3",0
"1798",2018-04-01,"YH_B4",38
"1799",2018-04-01,"YH_B5",2
"1800",2018-04-01,"YH_B6",17
"1801",2018-04-01,"YH_B7",0
"1802",2018-04-02,"YH_B1",12
"1803",2018-04-02,"YH_B2",14
"1804",2018-04-02,"YH_B3",0
"1805",2018-04-02,"YH_B4",39
"1806",2018-04-02,"YH_B5",4
"1807",2018-04-02,"YH_B6",11
"1808",2018-04-02,"YH_B7",2
"1809",2018-04-03,"YH_B1",18
"1810",2018-04-03,"YH_B2",15
"1811",2018-04-03,"YH_B3",0
"1812",2018-04-03,"YH_B4",48
"1813",2018-04-03,"YH_B5",3
"1814",2018-04-03,"YH_B6",21
"1815",2018-04-03,"YH_B7",0
"1816",2018-04-04,"YH_B1",51
"1817",2018-04-04,"YH_B2",2
"1818",2018-04-04,"YH_B3",0
"1819",2018-04-04,"YH_B4",117
"1820",2018-04-04,"YH_B5",4
"1821",2018-04-04,"YH_B6",46
"1822",2018-04-04,"YH_B7",0
"1823",2018-04-05,"YH_B1",479
"1824",2018-04-05,"YH_B2",13
"1825",2018-04-05,"YH_B3",0
"1826",2018-04-05,"YH_B4",245
"1827",2018-04-05,"YH_B5",4
"1828",2018-04-05,"YH_B6",81
"1829",2018-04-05,"YH_B7",0
"1830",2018-04-06,"YH_B1",137
"1831",2018-04-06,"YH_B2",0
"1832",2018-04-06,"YH_B3",0
"1833",2018-04-06,"YH_B4",92
"1834",2018-04-06,"YH_B5",1
"1835",2018-04-06,"YH_B6",144
"1836",2018-04-06,"YH_B7",0
"1837",2018-04-07,"YH_B1",161
"1838",2018-04-07,"YH_B2",19
"1839",2018-04-07,"YH_B3",0
"1840",2018-04-07,"YH_B4",68
"1841",2018-04-07,"YH_B5",4
"1842",2018-04-07,"YH_B6",29
"1843",2018-04-07,"YH_B7",0
"1844",2018-04-08,"YH_B1",183
"1845",2018-04-08,"YH_B2",20
"1846",2018-04-08,"YH_B3",0
"1847",2018-04-08,"YH_B4",115
"1848",2018-04-08,"YH_B5",0
"1849",2018-04-08,"YH_B6",472
"1850",2018-04-08,"YH_B7",1
"1851",2018-04-09,"YH_B1",408
"1852",2018-04-09,"YH_B2",3
"1853",2018-04-09,"YH_B3",0
"1854",2018-04-09,"YH_B4",378
"1855",2018-04-09,"YH_B5",1
"1856",2018-04-09,"YH_B6",738
"1857",2018-04-09,"YH_B7",1
"1858",2018-04-10,"YH_B1",568
"1859",2018-04-10,"YH_B2",19
"1860",2018-04-10,"YH_B3",0
"1861",2018-04-10,"YH_B4",61
"1862",2018-04-10,"YH_B5",0
"1863",2018-04-10,"YH_B6",142
"1864",2018-04-10,"YH_B7",0
"1865",2018-04-11,"YH_B1",572
"1866",2018-04-11,"YH_B2",20
"1867",2018-04-11,"YH_B3",0
"1868",2018-04-11,"YH_B4",473
"1869",2018-04-11,"YH_B5",1
"1870",2018-04-11,"YH_B6",554
"1871",2018-04-11,"YH_B7",0
"1872",2018-04-12,"YH_B1",336
"1873",2018-04-12,"YH_B2",18
"1874",2018-04-12,"YH_B3",0
"1875",2018-04-12,"YH_B4",221
"1876",2018-04-12,"YH_B5",2
"1877",2018-04-12,"YH_B6",373
"1878",2018-04-12,"YH_B7",0
"1879",2018-04-13,"YH_B1",395
"1880",2018-04-13,"YH_B2",18
"1881",2018-04-13,"YH_B3",0
"1882",2018-04-13,"YH_B4",202
"1883",2018-04-13,"YH_B5",3
"1884",2018-04-13,"YH_B6",566
"1885",2018-04-13,"YH_B7",1
"1886",2018-04-14,"YH_B1",241
"1887",2018-04-14,"YH_B2",18
"1888",2018-04-14,"YH_B3",0
"1889",2018-04-14,"YH_B4",255
"1890",2018-04-14,"YH_B5",7
"1891",2018-04-14,"YH_B6",288
"1892",2018-04-14,"YH_B7",0
"1893",2018-04-15,"YH_B1",412
"1894",2018-04-15,"YH_B2",18
"1895",2018-04-15,"YH_B3",0
"1896",2018-04-15,"YH_B4",240
"1897",2018-04-15,"YH_B5",4
"1898",2018-04-15,"YH_B6",756
"1899",2018-04-15,"YH_B7",0
"1900",2018-04-16,"YH_B1",141
"1901",2018-04-16,"YH_B2",20
"1902",2018-04-16,"YH_B3",0
"1903",2018-04-16,"YH_B4",196
"1904",2018-04-16,"YH_B5",7
"1905",2018-04-16,"YH_B6",636
"1906",2018-04-16,"YH_B7",0
"1907",2018-04-17,"YH_B1",414
"1908",2018-04-17,"YH_B2",20
"1909",2018-04-17,"YH_B3",0
"1910",2018-04-17,"YH_B4",164
"1911",2018-04-17,"YH_B5",5
"1912",2018-04-17,"YH_B6",282
"1913",2018-04-17,"YH_B7",0
"1914",2018-04-18,"YH_B1",258
"1915",2018-04-18,"YH_B2",18
"1916",2018-04-18,"YH_B3",0
"1917",2018-04-18,"YH_B4",106
"1918",2018-04-18,"YH_B5",13
"1919",2018-04-18,"YH_B6",892
"1920",2018-04-18,"YH_B7",0
"1921",2018-04-19,"YH_B1",52
"1922",2018-04-19,"YH_B2",19
"1923",2018-04-19,"YH_B3",0
"1924",2018-04-19,"YH_B4",186
"1925",2018-04-19,"YH_B5",5
"1926",2018-04-19,"YH_B6",48
"1927",2018-04-19,"YH_B7",0
"1928",2018-04-20,"YH_B1",207
"1929",2018-04-20,"YH_B2",18
"1930",2018-04-20,"YH_B3",0
"1931",2018-04-20,"YH_B4",47
"1932",2018-04-20,"YH_B5",5
"1933",2018-04-20,"YH_B6",234
"1934",2018-04-20,"YH_B7",0
"1935",2018-04-21,"YH_B1",80
"1936",2018-04-21,"YH_B2",23
"1937",2018-04-21,"YH_B3",2
"1938",2018-04-21,"YH_B4",222
"1939",2018-04-21,"YH_B5",5
"1940",2018-04-21,"YH_B6",27
"1941",2018-04-21,"YH_B7",0
"1942",2018-04-22,"YH_B1",258
"1943",2018-04-22,"YH_B2",29
"1944",2018-04-22,"YH_B3",0
"1945",2018-04-22,"YH_B4",91
"1946",2018-04-22,"YH_B5",8
"1947",2018-04-22,"YH_B6",425
"1948",2018-04-22,"YH_B7",1
"1949",2018-04-23,"YH_B1",252
"1950",2018-04-23,"YH_B2",20
"1951",2018-04-23,"YH_B3",0
"1952",2018-04-23,"YH_B4",151
"1953",2018-04-23,"YH_B5",0
"1954",2018-04-23,"YH_B6",243
"1955",2018-04-23,"YH_B7",0
"1956",2018-04-24,"YH_B1",206
"1957",2018-04-24,"YH_B2",18
"1958",2018-04-24,"YH_B3",0
"1959",2018-04-24,"YH_B4",175
"1960",2018-04-24,"YH_B5",0
"1961",2018-04-24,"YH_B6",37
"1962",2018-04-24,"YH_B7",0
"1963",2018-04-25,"YH_B1",45
"1964",2018-04-25,"YH_B2",18
"1965",2018-04-25,"YH_B3",0
"1966",2018-04-25,"YH_B4",308
"1967",2018-04-25,"YH_B5",1
"1968",2018-04-25,"YH_B6",80
"1969",2018-04-25,"YH_B7",0
"1970",2018-04-26,"YH_B1",225
"1971",2018-04-26,"YH_B2",22
"1972",2018-04-26,"YH_B3",0
"1973",2018-04-26,"YH_B4",176
"1974",2018-04-26,"YH_B5",0
"1975",2018-04-26,"YH_B6",594
"1976",2018-04-26,"YH_B7",0
"1977",2018-04-27,"YH_B1",202
"1978",2018-04-27,"YH_B2",18
"1979",2018-04-27,"YH_B3",0
"1980",2018-04-27,"YH_B4",143
"1981",2018-04-27,"YH_B5",1
"1982",2018-04-27,"YH_B6",262
"1983",2018-04-27,"YH_B7",0
"1984",2018-04-28,"YH_B1",271
"1985",2018-04-28,"YH_B2",18
"1986",2018-04-28,"YH_B3",2
"1987",2018-04-28,"YH_B4",123
"1988",2018-04-28,"YH_B5",0
"1989",2018-04-28,"YH_B6",86
"1990",2018-04-28,"YH_B7",1
"1991",2018-04-29,"YH_B1",44
"1992",2018-04-29,"YH_B2",19
"1993",2018-04-29,"YH_B3",3
"1994",2018-04-29,"YH_B4",132
"1995",2018-04-29,"YH_B5",1
"1996",2018-04-29,"YH_B6",78
"1997",2018-04-29,"YH_B7",1
"1998",2018-04-30,"YH_B1",392
"1999",2018-04-30,"YH_B2",21
"2000",2018-04-30,"YH_B3",0
"2001",2018-04-30,"YH_B4",238
"2002",2018-04-30,"YH_B5",1
"2003",2018-04-30,"YH_B6",52
"2004",2018-04-30,"YH_B7",0
"2005",2018-05-01,"YH_B1",60
"2006",2018-05-01,"YH_B2",21
"2007",2018-05-01,"YH_B3",3
"2008",2018-05-01,"YH_B4",131
"2009",2018-05-01,"YH_B5",1
"2010",2018-05-01,"YH_B6",334
"2011",2018-05-01,"YH_B7",0
"2012",2018-05-02,"YH_B1",121
"2013",2018-05-02,"YH_B2",20
"2014",2018-05-02,"YH_B3",0
"2015",2018-05-02,"YH_B4",274
"2016",2018-05-02,"YH_B5",2
"2017",2018-05-02,"YH_B6",202
"2018",2018-05-02,"YH_B7",0
"2019",2018-05-03,"YH_B1",384
"2020",2018-05-03,"YH_B2",23
"2021",2018-05-03,"YH_B3",0
"2022",2018-05-03,"YH_B4",180
"2023",2018-05-03,"YH_B5",1
"2024",2018-05-03,"YH_B6",279
"2025",2018-05-03,"YH_B7",0
"2026",2018-05-04,"YH_B1",189
"2027",2018-05-04,"YH_B2",22
"2028",2018-05-04,"YH_B3",0
"2029",2018-05-04,"YH_B4",368
"2030",2018-05-04,"YH_B5",5
"2031",2018-05-04,"YH_B6",178
"2032",2018-05-04,"YH_B7",0
"2033",2018-05-05,"YH_B1",227
"2034",2018-05-05,"YH_B2",18
"2035",2018-05-05,"YH_B3",0
"2036",2018-05-05,"YH_B4",229
"2037",2018-05-05,"YH_B5",6
"2038",2018-05-05,"YH_B6",176
"2039",2018-05-05,"YH_B7",0
"2040",2018-05-06,"YH_B1",112
"2041",2018-05-06,"YH_B2",18
"2042",2018-05-06,"YH_B3",0
"2043",2018-05-06,"YH_B4",128
"2044",2018-05-06,"YH_B5",0
"2045",2018-05-06,"YH_B6",272
"2046",2018-05-06,"YH_B7",0
"2047",2018-05-07,"YH_B1",54
"2048",2018-05-07,"YH_B2",19
"2049",2018-05-07,"YH_B3",0
"2050",2018-05-07,"YH_B4",257
"2051",2018-05-07,"YH_B5",2
"2052",2018-05-07,"YH_B6",192
"2053",2018-05-07,"YH_B7",0
"2054",2018-05-08,"YH_B1",266
"2055",2018-05-08,"YH_B2",19
"2056",2018-05-08,"YH_B3",0
"2057",2018-05-08,"YH_B4",114
"2058",2018-05-08,"YH_B5",1
"2059",2018-05-08,"YH_B6",57
"2060",2018-05-08,"YH_B7",0
"2061",2018-05-09,"YH_B1",568
"2062",2018-05-09,"YH_B2",18
"2063",2018-05-09,"YH_B3",0
"2064",2018-05-09,"YH_B4",307
"2065",2018-05-09,"YH_B5",3
"2066",2018-05-09,"YH_B6",77
"2067",2018-05-09,"YH_B7",0
"2068",2018-05-10,"YH_B1",351
"2069",2018-05-10,"YH_B2",18
"2070",2018-05-10,"YH_B3",0
"2071",2018-05-10,"YH_B4",269
"2072",2018-05-10,"YH_B5",3
"2073",2018-05-10,"YH_B6",203
"2074",2018-05-10,"YH_B7",1
"2075",2018-05-11,"YH_B1",393
"2076",2018-05-11,"YH_B2",18
"2077",2018-05-11,"YH_B3",0
"2078",2018-05-11,"YH_B4",178
"2079",2018-05-11,"YH_B5",3
"2080",2018-05-11,"YH_B6",368
"2081",2018-05-11,"YH_B7",0
"2082",2018-05-12,"YH_B1",303
"2083",2018-05-12,"YH_B2",18
"2084",2018-05-12,"YH_B3",0
"2085",2018-05-12,"YH_B4",51
"2086",2018-05-12,"YH_B5",2
"2087",2018-05-12,"YH_B6",152
"2088",2018-05-12,"YH_B7",1
"2089",2018-05-13,"YH_B1",219
"2090",2018-05-13,"YH_B2",19
"2091",2018-05-13,"YH_B3",0
"2092",2018-05-13,"YH_B4",88
"2093",2018-05-13,"YH_B5",5
"2094",2018-05-13,"YH_B6",145
"2095",2018-05-13,"YH_B7",0
"2096",2018-05-14,"YH_B1",114
"2097",2018-05-14,"YH_B2",18
"2098",2018-05-14,"YH_B3",1
"2099",2018-05-14,"YH_B4",119
"2100",2018-05-14,"YH_B5",8
"2101",2018-05-14,"YH_B6",366
"2102",2018-05-14,"YH_B7",1
"2103",2018-05-15,"YH_B1",182
"2104",2018-05-15,"YH_B2",18
"2105",2018-05-15,"YH_B3",0
"2106",2018-05-15,"YH_B4",147
"2107",2018-05-15,"YH_B5",2
"2108",2018-05-15,"YH_B6",79
"2109",2018-05-15,"YH_B7",1
"2110",2018-05-16,"YH_B1",399
"2111",2018-05-16,"YH_B2",18
"2112",2018-05-16,"YH_B3",0
"2113",2018-05-16,"YH_B4",356
"2114",2018-05-16,"YH_B5",1
"2115",2018-05-16,"YH_B6",213
"2116",2018-05-16,"YH_B7",2
"2117",2018-05-17,"YH_B1",111
"2118",2018-05-17,"YH_B2",18
"2119",2018-05-17,"YH_B3",0
"2120",2018-05-17,"YH_B4",266
"2121",2018-05-17,"YH_B5",3
"2122",2018-05-17,"YH_B6",192
"2123",2018-05-17,"YH_B7",1
"2124",2018-05-18,"YH_B1",471
"2125",2018-05-18,"YH_B2",19
"2126",2018-05-18,"YH_B3",0
"2127",2018-05-18,"YH_B4",293
"2128",2018-05-18,"YH_B5",2
"2129",2018-05-18,"YH_B6",173
"2130",2018-05-18,"YH_B7",1
"2131",2018-05-19,"YH_B1",145
"2132",2018-05-19,"YH_B2",22
"2133",2018-05-19,"YH_B3",0
"2134",2018-05-19,"YH_B4",132
"2135",2018-05-19,"YH_B5",0
"2136",2018-05-19,"YH_B6",107
"2137",2018-05-19,"YH_B7",4
"2138",2018-05-20,"YH_B1",371
"2139",2018-05-20,"YH_B2",18
"2140",2018-05-20,"YH_B3",1
"2141",2018-05-20,"YH_B4",114
"2142",2018-05-20,"YH_B5",0
"2143",2018-05-20,"YH_B6",89
"2144",2018-05-20,"YH_B7",4
"2145",2018-05-21,"YH_B1",729
"2146",2018-05-21,"YH_B2",19
"2147",2018-05-21,"YH_B3",2
"2148",2018-05-21,"YH_B4",613
"2149",2018-05-21,"YH_B5",1
"2150",2018-05-21,"YH_B6",408
"2151",2018-05-21,"YH_B7",0
"2152",2018-05-22,"YH_B1",73
"2153",2018-05-22,"YH_B2",20
"2154",2018-05-22,"YH_B3",0
"2155",2018-05-22,"YH_B4",316
"2156",2018-05-22,"YH_B5",2
"2157",2018-05-22,"YH_B6",297
"2158",2018-05-22,"YH_B7",1
"2159",2018-05-23,"YH_B1",202
"2160",2018-05-23,"YH_B2",19
"2161",2018-05-23,"YH_B3",0
"2162",2018-05-23,"YH_B4",282
"2163",2018-05-23,"YH_B5",2
"2164",2018-05-23,"YH_B6",487
"2165",2018-05-23,"YH_B7",0
"2166",2018-05-24,"YH_B1",552
"2167",2018-05-24,"YH_B2",25
"2168",2018-05-24,"YH_B3",0
"2169",2018-05-24,"YH_B4",487
"2170",2018-05-24,"YH_B5",2
"2171",2018-05-24,"YH_B6",386
"2172",2018-05-24,"YH_B7",0
"2173",2018-05-25,"YH_B1",46
"2174",2018-05-25,"YH_B2",18
"2175",2018-05-25,"YH_B3",0
"2176",2018-05-25,"YH_B4",212
"2177",2018-05-25,"YH_B5",3
"2178",2018-05-25,"YH_B6",327
"2179",2018-05-25,"YH_B7",0
"2180",2018-05-26,"YH_B1",408
"2181",2018-05-26,"YH_B2",18
"2182",2018-05-26,"YH_B3",1
"2183",2018-05-26,"YH_B4",332
"2184",2018-05-26,"YH_B5",2
"2185",2018-05-26,"YH_B6",382
"2186",2018-05-26,"YH_B7",0
"2187",2018-05-27,"YH_B1",63
"2188",2018-05-27,"YH_B2",25
"2189",2018-05-27,"YH_B3",1
"2190",2018-05-27,"YH_B4",330
"2191",2018-05-27,"YH_B5",0
"2192",2018-05-27,"YH_B6",177
"2193",2018-05-27,"YH_B7",1
"2194",2018-05-28,"YH_B1",221
"2195",2018-05-28,"YH_B2",18
"2196",2018-05-28,"YH_B3",1
"2197",2018-05-28,"YH_B4",416
"2198",2018-05-28,"YH_B5",2
"2199",2018-05-28,"YH_B6",208
"2200",2018-05-28,"YH_B7",4
"2201",2018-05-29,"YH_B1",72
"2202",2018-05-29,"YH_B2",42
"2203",2018-05-29,"YH_B3",1
"2204",2018-05-29,"YH_B4",51
"2205",2018-05-29,"YH_B5",2
"2206",2018-05-29,"YH_B6",149
"2207",2018-05-29,"YH_B7",0
"2208",2018-05-30,"YH_B1",142
"2209",2018-05-30,"YH_B2",20
"2210",2018-05-30,"YH_B3",0
"2211",2018-05-30,"YH_B4",160
"2212",2018-05-30,"YH_B5",8
"2213",2018-05-30,"YH_B6",620
"2214",2018-05-30,"YH_B7",0
"2215",2018-05-31,"YH_B1",127
"2216",2018-05-31,"YH_B2",24
"2217",2018-05-31,"YH_B3",0
"2218",2018-05-31,"YH_B4",445
"2219",2018-05-31,"YH_B5",5
"2220",2018-05-31,"YH_B6",632
"2221",2018-05-31,"YH_B7",0
"2222",2018-06-01,"YH_B1",198
"2223",2018-06-01,"YH_B2",18
"2224",2018-06-01,"YH_B3",2
"2225",2018-06-01,"YH_B4",254
"2226",2018-06-01,"YH_B5",2
"2227",2018-06-01,"YH_B6",110
"2228",2018-06-01,"YH_B7",0
"2229",2018-06-02,"YH_B1",237
"2230",2018-06-02,"YH_B2",18
"2231",2018-06-02,"YH_B3",0
"2232",2018-06-02,"YH_B4",106
"2233",2018-06-02,"YH_B5",1
"2234",2018-06-02,"YH_B6",81
"2235",2018-06-02,"YH_B7",0
"2236",2018-06-03,"YH_B1",206
"2237",2018-06-03,"YH_B2",20
"2238",2018-06-03,"YH_B3",3
"2239",2018-06-03,"YH_B4",139
"2240",2018-06-03,"YH_B5",4
"2241",2018-06-03,"YH_B6",389
"2242",2018-06-03,"YH_B7",25
"2243",2018-06-04,"YH_B1",8
"2244",2018-06-04,"YH_B2",19
"2245",2018-06-04,"YH_B3",2
"2246",2018-06-04,"YH_B4",140
"2247",2018-06-04,"YH_B5",1
"2248",2018-06-04,"YH_B6",246
"2249",2018-06-04,"YH_B7",27
"2250",2018-06-05,"YH_B1",90
"2251",2018-06-05,"YH_B2",24
"2252",2018-06-05,"YH_B3",2
"2253",2018-06-05,"YH_B4",513
"2254",2018-06-05,"YH_B5",3
"2255",2018-06-05,"YH_B6",329
"2256",2018-06-05,"YH_B7",0
"2257",2018-06-06,"YH_B1",5
"2258",2018-06-06,"YH_B2",19
"2259",2018-06-06,"YH_B3",1
"2260",2018-06-06,"YH_B4",272
"2261",2018-06-06,"YH_B5",1
"2262",2018-06-06,"YH_B6",153
"2263",2018-06-06,"YH_B7",25
"2264",2018-06-07,"YH_B1",108
"2265",2018-06-07,"YH_B2",20
"2266",2018-06-07,"YH_B3",0
"2267",2018-06-07,"YH_B4",251
"2268",2018-06-07,"YH_B5",1
"2269",2018-06-07,"YH_B6",299
"2270",2018-06-07,"YH_B7",32
"2271",2018-06-08,"YH_B1",221
"2272",2018-06-08,"YH_B2",19
"2273",2018-06-08,"YH_B3",0
"2274",2018-06-08,"YH_B4",26
"2275",2018-06-08,"YH_B5",0
"2276",2018-06-08,"YH_B6",225
"2277",2018-06-08,"YH_B7",27
"2278",2018-06-09,"YH_B1",11
"2279",2018-06-09,"YH_B2",21
"2280",2018-06-09,"YH_B3",0
"2281",2018-06-09,"YH_B4",26
"2282",2018-06-09,"YH_B5",1
"2283",2018-06-09,"YH_B6",33
"2284",2018-06-09,"YH_B7",24
"2285",2018-06-10,"YH_B1",11
"2286",2018-06-10,"YH_B2",18
"2287",2018-06-10,"YH_B3",0
"2288",2018-06-10,"YH_B4",96
"2289",2018-06-10,"YH_B5",3
"2290",2018-06-10,"YH_B6",276
"2291",2018-06-10,"YH_B7",25
"2292",2018-06-11,"YH_B1",4
"2293",2018-06-11,"YH_B2",19
"2294",2018-06-11,"YH_B3",0
"2295",2018-06-11,"YH_B4",165
"2296",2018-06-11,"YH_B5",3
"2297",2018-06-11,"YH_B6",154
"2298",2018-06-11,"YH_B7",27
"2299",2018-06-12,"YH_B1",108
"2300",2018-06-12,"YH_B2",21
"2301",2018-06-12,"YH_B3",0
"2302",2018-06-12,"YH_B4",92
"2303",2018-06-12,"YH_B5",1
"2304",2018-06-12,"YH_B6",499
"2305",2018-06-12,"YH_B7",26
"2306",2018-06-13,"YH_B1",83
"2307",2018-06-13,"YH_B2",21
"2308",2018-06-13,"YH_B3",3
"2309",2018-06-13,"YH_B4",295
"2310",2018-06-13,"YH_B5",3
"2311",2018-06-13,"YH_B6",451
"2312",2018-06-13,"YH_B7",257
"2313",2018-06-14,"YH_B1",68
"2314",2018-06-14,"YH_B2",22
"2315",2018-06-14,"YH_B3",1
"2316",2018-06-14,"YH_B4",575
"2317",2018-06-14,"YH_B5",3
"2318",2018-06-14,"YH_B6",575
"2319",2018-06-14,"YH_B7",33
"2320",2018-06-15,"YH_B1",32
"2321",2018-06-15,"YH_B2",26
"2322",2018-06-15,"YH_B3",0
"2323",2018-06-15,"YH_B4",398
"2324",2018-06-15,"YH_B5",2
"2325",2018-06-15,"YH_B6",1075
"2326",2018-06-15,"YH_B7",273
"2327",2018-06-16,"YH_B1",74
"2328",2018-06-16,"YH_B2",19
"2329",2018-06-16,"YH_B3",5
"2330",2018-06-16,"YH_B4",116
"2331",2018-06-16,"YH_B5",0
"2332",2018-06-16,"YH_B6",58
"2333",2018-06-16,"YH_B7",29
"2334",2018-06-17,"YH_B1",145
"2335",2018-06-17,"YH_B2",19
"2336",2018-06-17,"YH_B3",3
"2337",2018-06-17,"YH_B4",91
"2338",2018-06-17,"YH_B5",0
"2339",2018-06-17,"YH_B6",40
"2340",2018-06-17,"YH_B7",24
"2341",2018-06-18,"YH_B1",151
"2342",2018-06-18,"YH_B2",20
"2343",2018-06-18,"YH_B3",3
"2344",2018-06-18,"YH_B4",111
"2345",2018-06-18,"YH_B5",5
"2346",2018-06-18,"YH_B6",61
"2347",2018-06-18,"YH_B7",27
"2348",2018-06-19,"YH_B1",62
"2349",2018-06-19,"YH_B2",25
"2350",2018-06-19,"YH_B3",5
"2351",2018-06-19,"YH_B4",93
"2352",2018-06-19,"YH_B5",3
"2353",2018-06-19,"YH_B6",25
"2354",2018-06-19,"YH_B7",25
"2355",2018-06-20,"YH_B1",155
"2356",2018-06-20,"YH_B2",37
"2357",2018-06-20,"YH_B3",0
"2358",2018-06-20,"YH_B4",191
"2359",2018-06-20,"YH_B5",36
"2360",2018-06-20,"YH_B6",45
"2361",2018-06-20,"YH_B7",27
"2362",2018-06-21,"YH_B1",186
"2363",2018-06-21,"YH_B2",35
"2364",2018-06-21,"YH_B3",3
"2365",2018-06-21,"YH_B4",118
"2366",2018-06-21,"YH_B5",42
"2367",2018-06-21,"YH_B6",39
"2368",2018-06-21,"YH_B7",44
"2369",2018-06-22,"YH_B1",157
"2370",2018-06-22,"YH_B2",36
"2371",2018-06-22,"YH_B3",4
"2372",2018-06-22,"YH_B4",133
"2373",2018-06-22,"YH_B5",46
"2374",2018-06-22,"YH_B6",16
"2375",2018-06-22,"YH_B7",27
"2376",2018-06-23,"YH_B1",169
"2377",2018-06-23,"YH_B2",107
"2378",2018-06-23,"YH_B3",0
"2379",2018-06-23,"YH_B4",129
"2380",2018-06-23,"YH_B5",24
"2381",2018-06-23,"YH_B6",43
"2382",2018-06-23,"YH_B7",47
"2383",2018-06-24,"YH_B1",179
"2384",2018-06-24,"YH_B2",127
"2385",2018-06-24,"YH_B3",5
"2386",2018-06-24,"YH_B4",132
"2387",2018-06-24,"YH_B5",77
"2388",2018-06-24,"YH_B6",38
"2389",2018-06-24,"YH_B7",25
"2390",2018-06-25,"YH_B1",186
"2391",2018-06-25,"YH_B2",33
"2392",2018-06-25,"YH_B3",6
"2393",2018-06-25,"YH_B4",65
"2394",2018-06-25,"YH_B5",82
"2395",2018-06-25,"YH_B6",43
"2396",2018-06-25,"YH_B7",272
"2397",2018-06-26,"YH_B1",78
"2398",2018-06-26,"YH_B2",41
"2399",2018-06-26,"YH_B3",5
"2400",2018-06-26,"YH_B4",75
"2401",2018-06-26,"YH_B5",97
"2402",2018-06-26,"YH_B6",60
"2403",2018-06-26,"YH_B7",25
"2404",2018-06-27,"YH_B1",24
"2405",2018-06-27,"YH_B2",28
"2406",2018-06-27,"YH_B3",10
"2407",2018-06-27,"YH_B4",61
"2408",2018-06-27,"YH_B5",82
"2409",2018-06-27,"YH_B6",33
"2410",2018-06-27,"YH_B7",232
"2411",2018-06-28,"YH_B1",75
"2412",2018-06-28,"YH_B2",32
"2413",2018-06-28,"YH_B3",4
"2414",2018-06-28,"YH_B4",104
"2415",2018-06-28,"YH_B5",79
"2416",2018-06-28,"YH_B6",27
"2417",2018-06-28,"YH_B7",26
"2418",2018-06-29,"YH_B1",123
"2419",2018-06-29,"YH_B2",29
"2420",2018-06-29,"YH_B3",3
"2421",2018-06-29,"YH_B4",219
"2422",2018-06-29,"YH_B5",71
"2423",2018-06-29,"YH_B6",24
"2424",2018-06-29,"YH_B7",26
"2425",2018-06-30,"YH_B1",155
"2426",2018-06-30,"YH_B2",126
"2427",2018-06-30,"YH_B3",4
"2428",2018-06-30,"YH_B4",118
"2429",2018-06-30,"YH_B5",91
"2430",2018-06-30,"YH_B6",76
"2431",2018-06-30,"YH_B7",26
"2432",2018-07-01,"YH_B1",133
"2433",2018-07-01,"YH_B2",114
"2434",2018-07-01,"YH_B3",6
"2435",2018-07-01,"YH_B4",108
"2436",2018-07-01,"YH_B5",84
"2437",2018-07-01,"YH_B6",30
"2438",2018-07-01,"YH_B7",7
"2439",2018-07-02,"YH_B1",98
"2440",2018-07-02,"YH_B2",100
"2441",2018-07-02,"YH_B3",4
"2442",2018-07-02,"YH_B4",132
"2443",2018-07-02,"YH_B5",76
"2444",2018-07-02,"YH_B6",71
"2445",2018-07-02,"YH_B7",25
"2446",2018-07-03,"YH_B1",30
"2447",2018-07-03,"YH_B2",113
"2448",2018-07-03,"YH_B3",3
"2449",2018-07-03,"YH_B4",73
"2450",2018-07-03,"YH_B5",77
"2451",2018-07-03,"YH_B6",12
"2452",2018-07-03,"YH_B7",44
"2453",2018-07-04,"YH_B1",19
"2454",2018-07-04,"YH_B2",92
"2455",2018-07-04,"YH_B3",3
"2456",2018-07-04,"YH_B4",60
"2457",2018-07-04,"YH_B5",34
"2458",2018-07-04,"YH_B6",31
"2459",2018-07-04,"YH_B7",24
"2460",2018-07-05,"YH_B1",116
"2461",2018-07-05,"YH_B2",145
"2462",2018-07-05,"YH_B3",0
"2463",2018-07-05,"YH_B4",96
"2464",2018-07-05,"YH_B5",49
"2465",2018-07-05,"YH_B6",59
"2466",2018-07-05,"YH_B7",26
"2467",2018-07-06,"YH_B1",132
"2468",2018-07-06,"YH_B2",11
"2469",2018-07-06,"YH_B3",4
"2470",2018-07-06,"YH_B4",181
"2471",2018-07-06,"YH_B5",13
"2472",2018-07-06,"YH_B6",45
"2473",2018-07-06,"YH_B7",1
"2474",2018-07-07,"YH_B1",146
"2475",2018-07-07,"YH_B2",88
"2476",2018-07-07,"YH_B3",0
"2477",2018-07-07,"YH_B4",143
"2478",2018-07-07,"YH_B5",14
"2479",2018-07-07,"YH_B6",68
"2480",2018-07-07,"YH_B7",30
"2481",2018-07-08,"YH_B1",137
"2482",2018-07-08,"YH_B2",78
"2483",2018-07-08,"YH_B3",3
"2484",2018-07-08,"YH_B4",124
"2485",2018-07-08,"YH_B5",25
"2486",2018-07-08,"YH_B6",106
"2487",2018-07-08,"YH_B7",25
"2488",2018-07-09,"YH_B1",85
"2489",2018-07-09,"YH_B2",96
"2490",2018-07-09,"YH_B3",5
"2491",2018-07-09,"YH_B4",162
"2492",2018-07-09,"YH_B5",13
"2493",2018-07-09,"YH_B6",15
"2494",2018-07-09,"YH_B7",260
"2495",2018-07-10,"YH_B1",41
"2496",2018-07-10,"YH_B2",97
"2497",2018-07-10,"YH_B3",3
"2498",2018-07-10,"YH_B4",126
"2499",2018-07-10,"YH_B5",47
"2500",2018-07-10,"YH_B6",27
"2501",2018-07-10,"YH_B7",25
"2502",2018-07-11,"YH_B1",30
"2503",2018-07-11,"YH_B2",92
"2504",2018-07-11,"YH_B3",3
"2505",2018-07-11,"YH_B4",108
"2506",2018-07-11,"YH_B5",28
"2507",2018-07-11,"YH_B6",18
"2508",2018-07-11,"YH_B7",180
"2509",2018-07-12,"YH_B1",175
"2510",2018-07-12,"YH_B2",20
"2511",2018-07-12,"YH_B3",3
"2512",2018-07-12,"YH_B4",124
"2513",2018-07-12,"YH_B5",26
"2514",2018-07-12,"YH_B6",43
"2515",2018-07-12,"YH_B7",26
"2516",2018-07-13,"YH_B1",152
"2517",2018-07-13,"YH_B2",16
"2518",2018-07-13,"YH_B3",0
"2519",2018-07-13,"YH_B4",126
"2520",2018-07-13,"YH_B5",41
"2521",2018-07-13,"YH_B6",33
"2522",2018-07-13,"YH_B7",304
"2523",2018-07-14,"YH_B1",157
"2524",2018-07-14,"YH_B2",90
"2525",2018-07-14,"YH_B3",3
"2526",2018-07-14,"YH_B4",87
"2527",2018-07-14,"YH_B5",11
"2528",2018-07-14,"YH_B6",45
"2529",2018-07-14,"YH_B7",24
"2530",2018-07-15,"YH_B1",157
"2531",2018-07-15,"YH_B2",11
"2532",2018-07-15,"YH_B3",1
"2533",2018-07-15,"YH_B4",150
"2534",2018-07-15,"YH_B5",30
"2535",2018-07-15,"YH_B6",45
"2536",2018-07-15,"YH_B7",24
"2537",2018-07-16,"YH_B1",84
"2538",2018-07-16,"YH_B2",10
"2539",2018-07-16,"YH_B3",1
"2540",2018-07-16,"YH_B4",154
"2541",2018-07-16,"YH_B5",32
"2542",2018-07-16,"YH_B6",97
"2543",2018-07-16,"YH_B7",26
"2544",2018-07-17,"YH_B1",14
"2545",2018-07-17,"YH_B2",10
"2546",2018-07-17,"YH_B3",0
"2547",2018-07-17,"YH_B4",138
"2548",2018-07-17,"YH_B5",50
"2549",2018-07-17,"YH_B6",23
"2550",2018-07-17,"YH_B7",49
"2551",2018-07-18,"YH_B1",25
"2552",2018-07-18,"YH_B2",13
"2553",2018-07-18,"YH_B3",3
"2554",2018-07-18,"YH_B4",154
"2555",2018-07-18,"YH_B5",28
"2556",2018-07-18,"YH_B6",15
"2557",2018-07-18,"YH_B7",27
"2558",2018-07-19,"YH_B1",147
"2559",2018-07-19,"YH_B2",93
"2560",2018-07-19,"YH_B3",2
"2561",2018-07-19,"YH_B4",87
"2562",2018-07-19,"YH_B5",49
"2563",2018-07-19,"YH_B6",27
"2564",2018-07-19,"YH_B7",30
"2565",2018-07-20,"YH_B1",157
"2566",2018-07-20,"YH_B2",80
"2567",2018-07-20,"YH_B3",0
"2568",2018-07-20,"YH_B4",123
"2569",2018-07-20,"YH_B5",72
"2570",2018-07-20,"YH_B6",9
"2571",2018-07-20,"YH_B7",25
"2572",2018-07-21,"YH_B1",151
"2573",2018-07-21,"YH_B2",14
"2574",2018-07-21,"YH_B3",8
"2575",2018-07-21,"YH_B4",118
"2576",2018-07-21,"YH_B5",62
"2577",2018-07-21,"YH_B6",10
"2578",2018-07-21,"YH_B7",23
"2579",2018-07-22,"YH_B1",152
"2580",2018-07-22,"YH_B2",90
"2581",2018-07-22,"YH_B3",0
"2582",2018-07-22,"YH_B4",156
"2583",2018-07-22,"YH_B5",55
"2584",2018-07-22,"YH_B6",30
"2585",2018-07-22,"YH_B7",24
"2586",2018-07-23,"YH_B1",193
"2587",2018-07-23,"YH_B2",83
"2588",2018-07-23,"YH_B3",2
"2589",2018-07-23,"YH_B4",137
"2590",2018-07-23,"YH_B5",69
"2591",2018-07-23,"YH_B6",87
"2592",2018-07-23,"YH_B7",228
"2593",2018-07-24,"YH_B1",29
"2594",2018-07-24,"YH_B2",105
"2595",2018-07-24,"YH_B3",5
"2596",2018-07-24,"YH_B4",135
"2597",2018-07-24,"YH_B5",130
"2598",2018-07-24,"YH_B6",14
"2599",2018-07-24,"YH_B7",22
"2600",2018-07-25,"YH_B1",28
"2601",2018-07-25,"YH_B2",77
"2602",2018-07-25,"YH_B3",0
"2603",2018-07-25,"YH_B4",30
"2604",2018-07-25,"YH_B5",57
"2605",2018-07-25,"YH_B6",17
"2606",2018-07-25,"YH_B7",24
"2607",2018-07-26,"YH_B1",99
"2608",2018-07-26,"YH_B2",72
"2609",2018-07-26,"YH_B3",1
"2610",2018-07-26,"YH_B4",51
"2611",2018-07-26,"YH_B5",84
"2612",2018-07-26,"YH_B6",10
"2613",2018-07-26,"YH_B7",25
"2614",2018-07-27,"YH_B1",86
"2615",2018-07-27,"YH_B2",71
"2616",2018-07-27,"YH_B3",4
"2617",2018-07-27,"YH_B4",143
"2618",2018-07-27,"YH_B5",82
"2619",2018-07-27,"YH_B6",10
"2620",2018-07-27,"YH_B7",1
"2621",2018-07-28,"YH_B1",82
"2622",2018-07-28,"YH_B2",183
"2623",2018-07-28,"YH_B3",6
"2624",2018-07-28,"YH_B4",79
"2625",2018-07-28,"YH_B5",99
"2626",2018-07-28,"YH_B6",15
"2627",2018-07-28,"YH_B7",0
"2628",2018-07-29,"YH_B1",87
"2629",2018-07-29,"YH_B2",113
"2630",2018-07-29,"YH_B3",0
"2631",2018-07-29,"YH_B4",100
"2632",2018-07-29,"YH_B5",47
"2633",2018-07-29,"YH_B6",69
"2634",2018-07-29,"YH_B7",23
"2635",2018-07-30,"YH_B1",50
"2636",2018-07-30,"YH_B2",77
"2637",2018-07-30,"YH_B3",5
"2638",2018-07-30,"YH_B4",105
"2639",2018-07-30,"YH_B5",58
"2640",2018-07-30,"YH_B6",51
"2641",2018-07-30,"YH_B7",26
"2642",2018-07-31,"YH_B1",18
"2643",2018-07-31,"YH_B2",83
"2644",2018-07-31,"YH_B3",6
"2645",2018-07-31,"YH_B4",133
"2646",2018-07-31,"YH_B5",11
"2647",2018-07-31,"YH_B6",30
"2648",2018-07-31,"YH_B7",29
"2649",2018-08-01,"YH_B1",15
"2650",2018-08-01,"YH_B2",69
"2651",2018-08-01,"YH_B3",5
"2652",2018-08-01,"YH_B4",161
"2653",2018-08-01,"YH_B5",16
"2654",2018-08-01,"YH_B6",10
"2655",2018-08-01,"YH_B7",0
"2656",2018-08-02,"YH_B1",100
"2657",2018-08-02,"YH_B2",80
"2658",2018-08-02,"YH_B3",7
"2659",2018-08-02,"YH_B4",95
"2660",2018-08-02,"YH_B5",29
"2661",2018-08-02,"YH_B6",36
"2662",2018-08-02,"YH_B7",0
"2663",2018-08-03,"YH_B1",138
"2664",2018-08-03,"YH_B2",81
"2665",2018-08-03,"YH_B3",3
"2666",2018-08-03,"YH_B4",114
"2667",2018-08-03,"YH_B5",34
"2668",2018-08-03,"YH_B6",67
"2669",2018-08-03,"YH_B7",1
"2670",2018-08-04,"YH_B1",119
"2671",2018-08-04,"YH_B2",118
"2672",2018-08-04,"YH_B3",0
"2673",2018-08-04,"YH_B4",52
"2674",2018-08-04,"YH_B5",37
"2675",2018-08-04,"YH_B6",302
"2676",2018-08-04,"YH_B7",45
"2677",2018-08-05,"YH_B1",120
"2678",2018-08-05,"YH_B2",24
"2679",2018-08-05,"YH_B3",5
"2680",2018-08-05,"YH_B4",81
"2681",2018-08-05,"YH_B5",25
"2682",2018-08-05,"YH_B6",33
"2683",2018-08-05,"YH_B7",0
"2684",2018-08-06,"YH_B1",34
"2685",2018-08-06,"YH_B2",33
"2686",2018-08-06,"YH_B3",3
"2687",2018-08-06,"YH_B4",95
"2688",2018-08-06,"YH_B5",31
"2689",2018-08-06,"YH_B6",12
"2690",2018-08-06,"YH_B7",280
"2691",2018-08-07,"YH_B1",10
"2692",2018-08-07,"YH_B2",67
"2693",2018-08-07,"YH_B3",0
"2694",2018-08-07,"YH_B4",60
"2695",2018-08-07,"YH_B5",13
"2696",2018-08-07,"YH_B6",50
"2697",2018-08-07,"YH_B7",24
"2698",2018-08-08,"YH_B1",9
"2699",2018-08-08,"YH_B2",46
"2700",2018-08-08,"YH_B3",3
"2701",2018-08-08,"YH_B4",51
"2702",2018-08-08,"YH_B5",27
"2703",2018-08-08,"YH_B6",52
"2704",2018-08-08,"YH_B7",269
"2705",2018-08-09,"YH_B1",110
"2706",2018-08-09,"YH_B2",48
"2707",2018-08-09,"YH_B3",9
"2708",2018-08-09,"YH_B4",85
"2709",2018-08-09,"YH_B5",18
"2710",2018-08-09,"YH_B6",36
"2711",2018-08-09,"YH_B7",0
"2712",2018-08-10,"YH_B1",119
"2713",2018-08-10,"YH_B2",39
"2714",2018-08-10,"YH_B3",4
"2715",2018-08-10,"YH_B4",123
"2716",2018-08-10,"YH_B5",20
"2717",2018-08-10,"YH_B6",51
"2718",2018-08-10,"YH_B7",0
"2719",2018-08-11,"YH_B1",105
"2720",2018-08-11,"YH_B2",51
"2721",2018-08-11,"YH_B3",7
"2722",2018-08-11,"YH_B4",100
"2723",2018-08-11,"YH_B5",12
"2724",2018-08-11,"YH_B6",42
"2725",2018-08-11,"YH_B7",1
"2726",2018-08-12,"YH_B1",103
"2727",2018-08-12,"YH_B2",51
"2728",2018-08-12,"YH_B3",56
"2729",2018-08-12,"YH_B4",91
"2730",2018-08-12,"YH_B5",23
"2731",2018-08-12,"YH_B6",73
"2732",2018-08-12,"YH_B7",24
"2733",2018-08-13,"YH_B1",89
"2734",2018-08-13,"YH_B2",10
"2735",2018-08-13,"YH_B3",57
"2736",2018-08-13,"YH_B4",80
"2737",2018-08-13,"YH_B5",20
"2738",2018-08-13,"YH_B6",53
"2739",2018-08-13,"YH_B7",25
"2740",2018-08-14,"YH_B1",6
"2741",2018-08-14,"YH_B2",10
"2742",2018-08-14,"YH_B3",55
"2743",2018-08-14,"YH_B4",53
"2744",2018-08-14,"YH_B5",8
"2745",2018-08-14,"YH_B6",33
"2746",2018-08-14,"YH_B7",0
"2747",2018-08-15,"YH_B1",7
"2748",2018-08-15,"YH_B2",32
"2749",2018-08-15,"YH_B3",55
"2750",2018-08-15,"YH_B4",48
"2751",2018-08-15,"YH_B5",20
"2752",2018-08-15,"YH_B6",39
"2753",2018-08-15,"YH_B7",0
"2754",2018-08-16,"YH_B1",61
"2755",2018-08-16,"YH_B2",41
"2756",2018-08-16,"YH_B3",53
"2757",2018-08-16,"YH_B4",87
"2758",2018-08-16,"YH_B5",36
"2759",2018-08-16,"YH_B6",57
"2760",2018-08-16,"YH_B7",23
"2761",2018-08-17,"YH_B1",83
"2762",2018-08-17,"YH_B2",60
"2763",2018-08-17,"YH_B3",52
"2764",2018-08-17,"YH_B4",126
"2765",2018-08-17,"YH_B5",27
"2766",2018-08-17,"YH_B6",32
"2767",2018-08-17,"YH_B7",25
"2768",2018-08-18,"YH_B1",81
"2769",2018-08-18,"YH_B2",89
"2770",2018-08-18,"YH_B3",55
"2771",2018-08-18,"YH_B4",99
"2772",2018-08-18,"YH_B5",22
"2773",2018-08-18,"YH_B6",47
"2774",2018-08-18,"YH_B7",0
"2775",2018-08-19,"YH_B1",123
"2776",2018-08-19,"YH_B2",22
"2777",2018-08-19,"YH_B3",53
"2778",2018-08-19,"YH_B4",133
"2779",2018-08-19,"YH_B5",27
"2780",2018-08-19,"YH_B6",65
"2781",2018-08-19,"YH_B7",2
"2782",2018-08-20,"YH_B1",66
"2783",2018-08-20,"YH_B2",33
"2784",2018-08-20,"YH_B3",54
"2785",2018-08-20,"YH_B4",87
"2786",2018-08-20,"YH_B5",45
"2787",2018-08-20,"YH_B6",13
"2788",2018-08-20,"YH_B7",123
"2789",2018-08-21,"YH_B1",9
"2790",2018-08-21,"YH_B2",40
"2791",2018-08-21,"YH_B3",0
"2792",2018-08-21,"YH_B4",132
"2793",2018-08-21,"YH_B5",22
"2794",2018-08-21,"YH_B6",21
"2795",2018-08-21,"YH_B7",0
"2796",2018-08-22,"YH_B1",61
"2797",2018-08-22,"YH_B2",68
"2798",2018-08-22,"YH_B3",51
"2799",2018-08-22,"YH_B4",157
"2800",2018-08-22,"YH_B5",20
"2801",2018-08-22,"YH_B6",37
"2802",2018-08-22,"YH_B7",0
"2803",2018-08-23,"YH_B1",105
"2804",2018-08-23,"YH_B2",36
"2805",2018-08-23,"YH_B3",43
"2806",2018-08-23,"YH_B4",93
"2807",2018-08-23,"YH_B5",12
"2808",2018-08-23,"YH_B6",66
"2809",2018-08-23,"YH_B7",21
"2810",2018-08-24,"YH_B1",91
"2811",2018-08-24,"YH_B2",47
"2812",2018-08-24,"YH_B3",5
"2813",2018-08-24,"YH_B4",106
"2814",2018-08-24,"YH_B5",15
"2815",2018-08-24,"YH_B6",28
"2816",2018-08-24,"YH_B7",100
"2817",2018-08-25,"YH_B1",85
"2818",2018-08-25,"YH_B2",38
"2819",2018-08-25,"YH_B3",5
"2820",2018-08-25,"YH_B4",96
"2821",2018-08-25,"YH_B5",24
"2822",2018-08-25,"YH_B6",101
"2823",2018-08-25,"YH_B7",22
"2824",2018-08-26,"YH_B1",94
"2825",2018-08-26,"YH_B2",40
"2826",2018-08-26,"YH_B3",8
"2827",2018-08-26,"YH_B4",104
"2828",2018-08-26,"YH_B5",34
"2829",2018-08-26,"YH_B6",45
"2830",2018-08-26,"YH_B7",23
"2831",2018-08-27,"YH_B1",92
"2832",2018-08-27,"YH_B2",52
"2833",2018-08-27,"YH_B3",2
"2834",2018-08-27,"YH_B4",160
"2835",2018-08-27,"YH_B5",40
"2836",2018-08-27,"YH_B6",18
"2837",2018-08-27,"YH_B7",24
"2838",2018-08-28,"YH_B1",41
"2839",2018-08-28,"YH_B2",54
"2840",2018-08-28,"YH_B3",3
"2841",2018-08-28,"YH_B4",103
"2842",2018-08-28,"YH_B5",30
"2843",2018-08-28,"YH_B6",19
"2844",2018-08-28,"YH_B7",2
"2845",2018-08-29,"YH_B1",14
"2846",2018-08-29,"YH_B2",12
"2847",2018-08-29,"YH_B3",3
"2848",2018-08-29,"YH_B4",127
"2849",2018-08-29,"YH_B5",33
"2850",2018-08-29,"YH_B6",26
"2851",2018-08-29,"YH_B7",0
"2852",2018-08-30,"YH_B1",28
"2853",2018-08-30,"YH_B2",56
"2854",2018-08-30,"YH_B3",3
"2855",2018-08-30,"YH_B4",101
"2856",2018-08-30,"YH_B5",25
"2857",2018-08-30,"YH_B6",45
"2858",2018-08-30,"YH_B7",0
"2859",2018-08-31,"YH_B1",62
"2860",2018-08-31,"YH_B2",89
"2861",2018-08-31,"YH_B3",4
"2862",2018-08-31,"YH_B4",76
"2863",2018-08-31,"YH_B5",23
"2864",2018-08-31,"YH_B6",41
"2865",2018-08-31,"YH_B7",53
"2866",2018-09-01,"YH_B1",10
"2867",2018-09-01,"YH_B2",9
"2868",2018-09-01,"YH_B3",1
"2869",2018-09-01,"YH_B4",16
"2870",2018-09-01,"YH_B5",33
"2871",2018-09-01,"YH_B6",23
"2872",2018-09-01,"YH_B7",0
"2873",2018-09-02,"YH_B1",68
"2874",2018-09-02,"YH_B2",40
"2875",2018-09-02,"YH_B3",2
"2876",2018-09-02,"YH_B4",72
"2877",2018-09-02,"YH_B5",17
"2878",2018-09-02,"YH_B6",27
"2879",2018-09-02,"YH_B7",23
"2880",2018-09-03,"YH_B1",68
"2881",2018-09-03,"YH_B2",47
"2882",2018-09-03,"YH_B3",6
"2883",2018-09-03,"YH_B4",78
"2884",2018-09-03,"YH_B5",35
"2885",2018-09-03,"YH_B6",26
"2886",2018-09-03,"YH_B7",282
"2887",2018-09-04,"YH_B1",27
"2888",2018-09-04,"YH_B2",50
"2889",2018-09-04,"YH_B3",11
"2890",2018-09-04,"YH_B4",44
"2891",2018-09-04,"YH_B5",23
"2892",2018-09-04,"YH_B6",12
"2893",2018-09-04,"YH_B7",0
"2894",2018-09-05,"YH_B1",13
"2895",2018-09-05,"YH_B2",55
"2896",2018-09-05,"YH_B3",10
"2897",2018-09-05,"YH_B4",68
"2898",2018-09-05,"YH_B5",31
"2899",2018-09-05,"YH_B6",7
"2900",2018-09-05,"YH_B7",289
"2901",2018-09-06,"YH_B1",11
"2902",2018-09-06,"YH_B2",38
"2903",2018-09-06,"YH_B3",2
"2904",2018-09-06,"YH_B4",9
"2905",2018-09-06,"YH_B5",24
"2906",2018-09-06,"YH_B6",4
"2907",2018-09-06,"YH_B7",3
"2908",2018-09-07,"YH_B1",11
"2909",2018-09-07,"YH_B2",20
"2910",2018-09-07,"YH_B3",1
"2911",2018-09-07,"YH_B4",8
"2912",2018-09-07,"YH_B5",19
"2913",2018-09-07,"YH_B6",8
"2914",2018-09-07,"YH_B7",270
"2915",2018-09-08,"YH_B1",11
"2916",2018-09-08,"YH_B2",45
"2917",2018-09-08,"YH_B3",2
"2918",2018-09-08,"YH_B4",17
"2919",2018-09-08,"YH_B5",12
"2920",2018-09-08,"YH_B6",10
"2921",2018-09-08,"YH_B7",25
"2922",2018-09-09,"YH_B1",12
"2923",2018-09-09,"YH_B2",78
"2924",2018-09-09,"YH_B3",1
"2925",2018-09-09,"YH_B4",7
"2926",2018-09-09,"YH_B5",17
"2927",2018-09-09,"YH_B6",9
"2928",2018-09-09,"YH_B7",3
"2929",2018-09-10,"YH_B1",15
"2930",2018-09-10,"YH_B2",51
"2931",2018-09-10,"YH_B3",1
"2932",2018-09-10,"YH_B4",23
"2933",2018-09-10,"YH_B5",49
"2934",2018-09-10,"YH_B6",3
"2935",2018-09-10,"YH_B7",3
"2936",2018-09-11,"YH_B1",10
"2937",2018-09-11,"YH_B2",62
"2938",2018-09-11,"YH_B3",2
"2939",2018-09-11,"YH_B4",20
"2940",2018-09-11,"YH_B5",35
"2941",2018-09-11,"YH_B6",9
"2942",2018-09-11,"YH_B7",1
"2943",2018-09-12,"YH_B1",14
"2944",2018-09-12,"YH_B2",22
"2945",2018-09-12,"YH_B3",2
"2946",2018-09-12,"YH_B4",33
"2947",2018-09-12,"YH_B5",8
"2948",2018-09-12,"YH_B6",7
"2949",2018-09-12,"YH_B7",26
"2950",2018-09-13,"YH_B1",11
"2951",2018-09-13,"YH_B2",70
"2952",2018-09-13,"YH_B3",1
"2953",2018-09-13,"YH_B4",20
"2954",2018-09-13,"YH_B5",17
"2955",2018-09-13,"YH_B6",5
"2956",2018-09-13,"YH_B7",28
"2957",2018-09-14,"YH_B1",11
"2958",2018-09-14,"YH_B2",15
"2959",2018-09-14,"YH_B3",2
"2960",2018-09-14,"YH_B4",16
"2961",2018-09-14,"YH_B5",15
"2962",2018-09-14,"YH_B6",4
"2963",2018-09-14,"YH_B7",26
"2964",2018-09-15,"YH_B1",15
"2965",2018-09-15,"YH_B2",51
"2966",2018-09-15,"YH_B3",3
"2967",2018-09-15,"YH_B4",20
"2968",2018-09-15,"YH_B5",17
"2969",2018-09-15,"YH_B6",10
"2970",2018-09-15,"YH_B7",7
"2971",2018-09-16,"YH_B1",11
"2972",2018-09-16,"YH_B2",26
"2973",2018-09-16,"YH_B3",5
"2974",2018-09-16,"YH_B4",15
"2975",2018-09-16,"YH_B5",15
"2976",2018-09-16,"YH_B6",10
"2977",2018-09-16,"YH_B7",24
"2978",2018-09-17,"YH_B1",0
"2979",2018-09-17,"YH_B2",55
"2980",2018-09-17,"YH_B3",1
"2981",2018-09-17,"YH_B4",11
"2982",2018-09-17,"YH_B5",23
"2983",2018-09-17,"YH_B6",7
"2984",2018-09-17,"YH_B7",1
"2985",2018-09-18,"YH_B1",14
"2986",2018-09-18,"YH_B2",52
"2987",2018-09-18,"YH_B3",1
"2988",2018-09-18,"YH_B4",15
"2989",2018-09-18,"YH_B5",18
"2990",2018-09-18,"YH_B6",3
"2991",2018-09-18,"YH_B7",1
"2992",2018-09-19,"YH_B1",13
"2993",2018-09-19,"YH_B2",52
"2994",2018-09-19,"YH_B3",1
"2995",2018-09-19,"YH_B4",17
"2996",2018-09-19,"YH_B5",16
"2997",2018-09-19,"YH_B6",2
"2998",2018-09-19,"YH_B7",24
"2999",2018-09-20,"YH_B1",10
"3000",2018-09-20,"YH_B2",40
"3001",2018-09-20,"YH_B3",2
"3002",2018-09-20,"YH_B4",22
"3003",2018-09-20,"YH_B5",26
"3004",2018-09-20,"YH_B6",2
"3005",2018-09-20,"YH_B7",2
"3006",2018-09-21,"YH_B1",15
"3007",2018-09-21,"YH_B2",49
"3008",2018-09-21,"YH_B3",5
"3009",2018-09-21,"YH_B4",17
"3010",2018-09-21,"YH_B5",11
"3011",2018-09-21,"YH_B6",5
"3012",2018-09-21,"YH_B7",86
"3013",2018-09-22,"YH_B1",12
"3014",2018-09-22,"YH_B2",4
"3015",2018-09-22,"YH_B3",1
"3016",2018-09-22,"YH_B4",19
"3017",2018-09-22,"YH_B5",17
"3018",2018-09-22,"YH_B6",3
"3019",2018-09-22,"YH_B7",26
"3020",2018-09-23,"YH_B1",20
"3021",2018-09-23,"YH_B2",43
"3022",2018-09-23,"YH_B3",2
"3023",2018-09-23,"YH_B4",17
"3024",2018-09-23,"YH_B5",15
"3025",2018-09-23,"YH_B6",5
"3026",2018-09-23,"YH_B7",26
"3027",2018-09-24,"YH_B1",11
"3028",2018-09-24,"YH_B2",37
"3029",2018-09-24,"YH_B3",2
"3030",2018-09-24,"YH_B4",14
"3031",2018-09-24,"YH_B5",31
"3032",2018-09-24,"YH_B6",3
"3033",2018-09-24,"YH_B7",28
"3034",2018-09-25,"YH_B1",10
"3035",2018-09-25,"YH_B2",38
"3036",2018-09-25,"YH_B3",1
"3037",2018-09-25,"YH_B4",15
"3038",2018-09-25,"YH_B5",31
"3039",2018-09-25,"YH_B6",2
"3040",2018-09-25,"YH_B7",23
"3041",2018-09-26,"YH_B1",11
"3042",2018-09-26,"YH_B2",32
"3043",2018-09-26,"YH_B3",1
"3044",2018-09-26,"YH_B4",31
"3045",2018-09-26,"YH_B5",28
"3046",2018-09-26,"YH_B6",0
"3047",2018-09-26,"YH_B7",1
"3048",2018-09-27,"YH_B1",14
"3049",2018-09-27,"YH_B2",40
"3050",2018-09-27,"YH_B3",2
"3051",2018-09-27,"YH_B4",23
"3052",2018-09-27,"YH_B5",8
"3053",2018-09-27,"YH_B6",2
"3054",2018-09-27,"YH_B7",27
"3055",2018-09-28,"YH_B1",10
"3056",2018-09-28,"YH_B2",38
"3057",2018-09-28,"YH_B3",1
"3058",2018-09-28,"YH_B4",23
"3059",2018-09-28,"YH_B5",27
"3060",2018-09-28,"YH_B6",2
"3061",2018-09-28,"YH_B7",1
"3062",2018-09-29,"YH_B1",19
"3063",2018-09-29,"YH_B2",34
"3064",2018-09-29,"YH_B3",2
"3065",2018-09-29,"YH_B4",18
"3066",2018-09-29,"YH_B5",30
"3067",2018-09-29,"YH_B6",3
"3068",2018-09-29,"YH_B7",1
"3069",2018-09-30,"YH_B1",15
"3070",2018-09-30,"YH_B2",97
"3071",2018-09-30,"YH_B3",2
"3072",2018-09-30,"YH_B4",23
"3073",2018-09-30,"YH_B5",36
"3074",2018-09-30,"YH_B6",2
"3075",2018-09-30,"YH_B7",28
"3076",2018-10-01,"YH_B1",13
"3077",2018-10-01,"YH_B2",20
"3078",2018-10-01,"YH_B3",2
"3079",2018-10-01,"YH_B4",14
"3080",2018-10-01,"YH_B5",30
"3081",2018-10-01,"YH_B6",3
"3082",2018-10-01,"YH_B7",246
"3083",2018-10-02,"YH_B1",3
"3084",2018-10-02,"YH_B2",15
"3085",2018-10-02,"YH_B3",2
"3086",2018-10-02,"YH_B4",12
"3087",2018-10-02,"YH_B5",31
"3088",2018-10-02,"YH_B6",0
"3089",2018-10-02,"YH_B7",3
"3090",2018-10-03,"YH_B1",20
"3091",2018-10-03,"YH_B2",52
"3092",2018-10-03,"YH_B3",1
"3093",2018-10-03,"YH_B4",32
"3094",2018-10-03,"YH_B5",15
"3095",2018-10-03,"YH_B6",2
"3096",2018-10-03,"YH_B7",1
"3097",2018-10-04,"YH_B1",14
"3098",2018-10-04,"YH_B2",32
"3099",2018-10-04,"YH_B3",2
"3100",2018-10-04,"YH_B4",18
"3101",2018-10-04,"YH_B5",24
"3102",2018-10-04,"YH_B6",3
"3103",2018-10-04,"YH_B7",23
"3104",2018-10-05,"YH_B1",15
"3105",2018-10-05,"YH_B2",59
"3106",2018-10-05,"YH_B3",2
"3107",2018-10-05,"YH_B4",17
"3108",2018-10-05,"YH_B5",37
"3109",2018-10-05,"YH_B6",2
"3110",2018-10-05,"YH_B7",2
"3111",2018-10-06,"YH_B1",20
"3112",2018-10-06,"YH_B2",66
"3113",2018-10-06,"YH_B3",2
"3114",2018-10-06,"YH_B4",19
"3115",2018-10-06,"YH_B5",29
"3116",2018-10-06,"YH_B6",0
"3117",2018-10-06,"YH_B7",1
"3118",2018-10-07,"YH_B1",17
"3119",2018-10-07,"YH_B2",48
"3120",2018-10-07,"YH_B3",2
"3121",2018-10-07,"YH_B4",28
"3122",2018-10-07,"YH_B5",27
"3123",2018-10-07,"YH_B6",7
"3124",2018-10-07,"YH_B7",22
"3125",2018-10-08,"YH_B1",12
"3126",2018-10-08,"YH_B2",17
"3127",2018-10-08,"YH_B3",2
"3128",2018-10-08,"YH_B4",22
"3129",2018-10-08,"YH_B5",72
"3130",2018-10-08,"YH_B6",2
"3131",2018-10-08,"YH_B7",27
"3132",2018-10-09,"YH_B1",16
"3133",2018-10-09,"YH_B2",16
"3134",2018-10-09,"YH_B3",3
"3135",2018-10-09,"YH_B4",28
"3136",2018-10-09,"YH_B5",36
"3137",2018-10-09,"YH_B6",12
"3138",2018-10-09,"YH_B7",2
"3139",2018-10-10,"YH_B1",3
"3140",2018-10-10,"YH_B2",40
"3141",2018-10-10,"YH_B3",2
"3142",2018-10-10,"YH_B4",24
"3143",2018-10-10,"YH_B5",37
"3144",2018-10-10,"YH_B6",4
"3145",2018-10-10,"YH_B7",24
"3146",2018-10-11,"YH_B1",12
"3147",2018-10-11,"YH_B2",18
"3148",2018-10-11,"YH_B3",4
"3149",2018-10-11,"YH_B4",23
"3150",2018-10-11,"YH_B5",31
"3151",2018-10-11,"YH_B6",11
"3152",2018-10-11,"YH_B7",2
"3153",2018-10-12,"YH_B1",10
"3154",2018-10-12,"YH_B2",11
"3155",2018-10-12,"YH_B3",6
"3156",2018-10-12,"YH_B4",16
"3157",2018-10-12,"YH_B5",36
"3158",2018-10-12,"YH_B6",2
"3159",2018-10-12,"YH_B7",29
"3160",2018-10-13,"YH_B1",13
"3161",2018-10-13,"YH_B2",48
"3162",2018-10-13,"YH_B3",4
"3163",2018-10-13,"YH_B4",38
"3164",2018-10-13,"YH_B5",40
"3165",2018-10-13,"YH_B6",4
"3166",2018-10-13,"YH_B7",32
"3167",2018-10-14,"YH_B1",4
"3168",2018-10-14,"YH_B2",28
"3169",2018-10-14,"YH_B3",3
"3170",2018-10-14,"YH_B4",46
"3171",2018-10-14,"YH_B5",8
"3172",2018-10-14,"YH_B6",5
"3173",2018-10-14,"YH_B7",3
"3174",2018-10-15,"YH_B1",2
"3175",2018-10-15,"YH_B2",30
"3176",2018-10-15,"YH_B3",4
"3177",2018-10-15,"YH_B4",15
"3178",2018-10-15,"YH_B5",51
"3179",2018-10-15,"YH_B6",5
"3180",2018-10-15,"YH_B7",1
"3181",2018-10-16,"YH_B1",2
"3182",2018-10-16,"YH_B2",22
"3183",2018-10-16,"YH_B3",4
"3184",2018-10-16,"YH_B4",26
"3185",2018-10-16,"YH_B5",35
"3186",2018-10-16,"YH_B6",6
"3187",2018-10-16,"YH_B7",3
"3188",2018-10-17,"YH_B1",2
"3189",2018-10-17,"YH_B2",8
"3190",2018-10-17,"YH_B3",1
"3191",2018-10-17,"YH_B4",8
"3192",2018-10-17,"YH_B5",40
"3193",2018-10-17,"YH_B6",21
"3194",2018-10-17,"YH_B7",1
"3195",2018-10-18,"YH_B1",0
"3196",2018-10-18,"YH_B2",6
"3197",2018-10-18,"YH_B3",6
"3198",2018-10-18,"YH_B4",19
"3199",2018-10-18,"YH_B5",42
"3200",2018-10-18,"YH_B6",2
"3201",2018-10-18,"YH_B7",3
"3202",2018-10-19,"YH_B1",13
"3203",2018-10-19,"YH_B2",16
"3204",2018-10-19,"YH_B3",2
"3205",2018-10-19,"YH_B4",17
"3206",2018-10-19,"YH_B5",10
"3207",2018-10-19,"YH_B6",6
"3208",2018-10-19,"YH_B7",224
"3209",2018-10-20,"YH_B1",21
"3210",2018-10-20,"YH_B2",73
"3211",2018-10-20,"YH_B3",2
"3212",2018-10-20,"YH_B4",21
"3213",2018-10-20,"YH_B5",24
"3214",2018-10-20,"YH_B6",4
"3215",2018-10-20,"YH_B7",25
"3216",2018-10-21,"YH_B1",2
"3217",2018-10-21,"YH_B2",16
"3218",2018-10-21,"YH_B3",1
"3219",2018-10-21,"YH_B4",26
"3220",2018-10-21,"YH_B5",19
"3221",2018-10-21,"YH_B6",5
"3222",2018-10-21,"YH_B7",2
"3223",2018-10-22,"YH_B1",12
"3224",2018-10-22,"YH_B2",61
"3225",2018-10-22,"YH_B3",0
"3226",2018-10-22,"YH_B4",7
"3227",2018-10-22,"YH_B5",53
"3228",2018-10-22,"YH_B6",3
"3229",2018-10-22,"YH_B7",26
"3230",2018-10-23,"YH_B1",0
"3231",2018-10-23,"YH_B2",46
"3232",2018-10-23,"YH_B3",8
"3233",2018-10-23,"YH_B4",17
"3234",2018-10-23,"YH_B5",27
"3235",2018-10-23,"YH_B6",6
"3236",2018-10-23,"YH_B7",1
"3237",2018-10-24,"YH_B1",13
"3238",2018-10-24,"YH_B2",23
"3239",2018-10-24,"YH_B3",2
"3240",2018-10-24,"YH_B4",27
"3241",2018-10-24,"YH_B5",38
"3242",2018-10-24,"YH_B6",6
"3243",2018-10-24,"YH_B7",2
"3244",2018-10-25,"YH_B1",14
"3245",2018-10-25,"YH_B2",60
"3246",2018-10-25,"YH_B3",0
"3247",2018-10-25,"YH_B4",23
"3248",2018-10-25,"YH_B5",58
"3249",2018-10-25,"YH_B6",2
"3250",2018-10-25,"YH_B7",3
"3251",2018-10-26,"YH_B1",7
"3252",2018-10-26,"YH_B2",13
"3253",2018-10-26,"YH_B3",3
"3254",2018-10-26,"YH_B4",13
"3255",2018-10-26,"YH_B5",37
"3256",2018-10-26,"YH_B6",4
"3257",2018-10-26,"YH_B7",3
"3258",2018-10-27,"YH_B1",14
"3259",2018-10-27,"YH_B2",26
"3260",2018-10-27,"YH_B3",0
"3261",2018-10-27,"YH_B4",119
"3262",2018-10-27,"YH_B5",41
"3263",2018-10-27,"YH_B6",5
"3264",2018-10-27,"YH_B7",1
"3265",2018-10-28,"YH_B1",50
"3266",2018-10-28,"YH_B2",45
"3267",2018-10-28,"YH_B3",0
"3268",2018-10-28,"YH_B4",34
"3269",2018-10-28,"YH_B5",31
"3270",2018-10-28,"YH_B6",6
"3271",2018-10-28,"YH_B7",1
"3272",2018-10-29,"YH_B1",1275
"3273",2018-10-29,"YH_B2",74
"3274",2018-10-29,"YH_B3",1
"3275",2018-10-29,"YH_B4",936
"3276",2018-10-29,"YH_B5",32
"3277",2018-10-29,"YH_B6",1872
"3278",2018-10-29,"YH_B7",4
